Minute,Player,Squad,xG,PSxG,Outcome,Distance,Body Part,Notes
17,Sadio Mané,Liverpool,0.04,,Blocked,16.0,Right Foot,
18,Roberto Firmino,Liverpool,0.59,,Off Target,5.0,Right Foot,Volley
19,Mohamed Salah,Liverpool,0.74,0.95,Goal,4.0,Right Foot,
24,Trent Alexander-Arnold,Liverpool,0.06,0.57,Saved,31.0,Right Foot,Free kick
25,Georginio Wijnaldum,Liverpool,0.09,,Off Target,12.0,Left Foot,
36,Mohamed Salah,Liverpool,0.06,0.06,Saved,12.0,Head,
37,Mohamed Salah,Liverpool,0.53,0.62,Saved,5.0,Right Foot,
45,Sadio Mané,Liverpool,0.75,0.94,Goal,4.0,Right Foot,
,,,,,,,,
53,Sadio Mané,Liverpool,0.11,0.28,Goal,16.0,Right Foot,
65,James Milner,Liverpool,0.08,,Blocked,23.0,Right Foot,Free kick
65,Mohamed Salah,Liverpool,0.04,,Off Target,21.0,Left Foot,
68,Sadio Mané,Liverpool,0.08,,Off Target,6.0,Head,
70,Joe Gomez,Liverpool,0.15,,Off Target,10.0,Other,
73,Georginio Wijnaldum,Liverpool,0.03,,Off Target,30.0,Right Foot,
78,Naby Keïta,Liverpool,0.03,,Off Target,14.0,Left Foot,
80,Georginio Wijnaldum,Liverpool,0.05,,Blocked,20.0,Right Foot,
88,Daniel Sturridge,Liverpool,0.59,0.94,Goal,3.0,Left Foot,Volley
90,Daniel Sturridge,Liverpool,0.05,0.1,Saved,15.0,Left Foot,
3,Mohamed Salah,Liverpool,0.05,,Blocked,14.0,Left Foot,
23,Mohamed Salah,Liverpool,0.38,,Off Target,16.0,Left Foot,
27,Mohamed Salah,Liverpool,0.07,,Blocked,21.0,Left Foot,
27,Naby Keïta,Liverpool,0.26,0.31,Saved,10.0,Left Foot,
35,Andrew Robertson,Liverpool,0.06,,Off Target,15.0,Left Foot,Volley
44,James Milner,Liverpool,0.02,,Blocked,33.0,Right Foot,
45,James Milner (pen),Liverpool,0.79,0.99,Goal,13.0,Right Foot,
,,,,,,,,
49,Naby Keïta,Liverpool,0.07,,Off Target,17.0,Right Foot,
60,Mohamed Salah,Liverpool,0.02,,Blocked,25.0,Left Foot,Volley
61,Trent Alexander-Arnold,Liverpool,0.03,,Blocked,26.0,Right Foot,
77,Mohamed Salah,Liverpool,0.16,,Blocked,21.0,Left Foot,Free kick
78,Naby Keïta,Liverpool,0.01,0.06,Saved,31.0,Right Foot,
81,Sadio Mané,Liverpool,0.07,0.17,Saved,14.0,Right Foot,
84,Mohamed Salah,Liverpool,0.08,0.22,Saved,10.0,Head,
87,Roberto Firmino,Liverpool,0.03,,Off Target,21.0,Right Foot,
90,Sadio Mané,Liverpool,0.51,0.73,Goal,11.0,Right Foot,
5,Sadio Mané,Liverpool,0.06,,Off Target,16.0,Left Foot,
9,Roberto Firmino,Liverpool,0.35,0.51,Saved,4.0,Head,
15,Trent Alexander-Arnold,Liverpool,0.11,,Woodwork,21.0,Right Foot,Free kick
19,Mohamed Salah,Liverpool,0.04,0.06,Saved,12.0,Left Foot,
23,Mohamed Salah,Liverpool,0.06,0.58,Goal,16.0,Left Foot,
31,Georginio Wijnaldum,Liverpool,0.06,0.15,Saved,10.0,Right Foot,
34,Sadio Mané,Liverpool,0.1,0.15,Saved,9.0,Head,
44,Roberto Firmino,Liverpool,0.03,,Blocked,28.0,Right Foot,
44,Roberto Firmino,Liverpool,0.03,,Off Target,23.0,Right Foot,
,,,,,,,,
46,Roberto Firmino,Liverpool,0.06,,Blocked,12.0,Right Foot,
58,Naby Keïta,Liverpool,0.03,,Off Target,29.0,Right Foot,
58,Mohamed Salah,Liverpool,0.08,,Blocked,14.0,Left Foot,
61,Joe Gomez,Liverpool,0.07,0.04,Saved,13.0,Head,
69,Roberto Firmino,Liverpool,0.05,0.07,Saved,13.0,Right Foot,
72,Mohamed Salah,Liverpool,0.03,,Blocked,31.0,Left Foot,
86,Daniel Sturridge,Liverpool,0.03,,Blocked,25.0,Left Foot,
86,Trent Alexander-Arnold,Liverpool,0.06,,Blocked,17.0,Left Foot,
87,Georginio Wijnaldum,Liverpool,0.19,,Blocked,4.0,Right Foot,Deflected
87,Mohamed Salah,Liverpool,0.04,,Off Target,19.0,Left Foot,
90,Georginio Wijnaldum,Liverpool,0.06,,Blocked,16.0,Right Foot,
90,Daniel Sturridge,Liverpool,0.03,,Off Target,20.0,Left Foot,
90,Mohamed Salah,Liverpool,0.07,,Off Target,18.0,Left Foot,
4,Roberto Firmino,Liverpool,0.28,0.11,Saved,15.0,Right Foot,
4,Mohamed Salah,Liverpool,0.34,,Off Target,12.0,Left Foot,
10,Sadio Mané,Liverpool,0.1,0.12,Goal,12.0,Left Foot,
16,Joe Gomez,Liverpool,0.06,,Off Target,11.0,Head,
21,Georginio Wijnaldum,Liverpool,0.07,,Blocked,14.0,Left Foot,
43,Mohamed Salah,Liverpool,0.03,0.25,Saved,27.0,Left Foot,
45,Roberto Firmino,Liverpool,0.06,0.31,Goal,10.0,Head,
,,,,,,,,
54,Mohamed Salah,Liverpool,0.03,,Blocked,25.0,Left Foot,
82,Sadio Mané,Liverpool,0.15,,Off Target,8.0,Head,
86,Trent Alexander-Arnold,Liverpool,0.03,,Off Target,29.0,Right Foot,
3,Virgil van Dijk,Liverpool,0.08,,Off Target,8.0,Head,
6,Trent Alexander-Arnold,Liverpool,0.06,0.14,Saved,28.0,Right Foot,Free kick
22,Mohamed Salah,Liverpool,0.27,0.55,Saved,12.0,Left Foot,
35,Sadio Mané,Liverpool,0.09,0.51,Saved,11.0,Left Foot,
39,Georginio Wijnaldum,Liverpool,0.08,0.43,Goal,8.0,Head,
43,Georginio Wijnaldum,Liverpool,0.06,,Off Target,12.0,Right Foot,
,,,,,,,,
49,Naby Keïta,Liverpool,0.02,0.04,Saved,26.0,Right Foot,Volley
49,Sadio Mané,Liverpool,0.08,0.13,Saved,15.0,Left Foot,
54,Roberto Firmino,Liverpool,0.98,0.97,Goal,1.0,Left Foot,
60,Virgil van Dijk,Liverpool,0.08,,Off Target,11.0,Head,
63,Naby Keïta,Liverpool,0.32,0.39,Saved,10.0,Left Foot,
81,Mohamed Salah,Liverpool,0.05,0.11,Saved,17.0,Left Foot,
81,Sadio Mané,Liverpool,0.11,,Off Target,8.0,Left Foot,
81,Sadio Mané,Liverpool,0.06,0.03,Saved,17.0,Left Foot,
84,Mohamed Salah,Liverpool,0.12,,Blocked,13.0,Left Foot,
84,Mohamed Salah,Liverpool,0.1,,Blocked,11.0,Left Foot,
90,Sadio Mané,Liverpool,0.03,,Off Target,27.0,Left Foot,
6,Virgil van Dijk,Liverpool,0.04,0.2,Saved,15.0,Right Foot,
7,James Milner,Liverpool,0.04,0.46,Saved,25.0,Left Foot,
10,Sadio Mané,Liverpool,0.04,0.03,Saved,24.0,Left Foot,
15,Joe Gomez,Liverpool,0.07,,Off Target,9.0,Head,
26,Sadio Mané,Liverpool,0.06,,Off Target,13.0,Left Foot,
30,Daniel Sturridge,Liverpool,0.39,0.42,Goal,7.0,Head,
32,Daniel Sturridge,Liverpool,0.19,,Blocked,4.0,Left Foot,
36,James Milner (pen),Liverpool,0.79,1.0,Goal,13.0,Right Foot,
,,,,,,,,
58,Georginio Wijnaldum,Liverpool,0.03,,Blocked,23.0,Right Foot,
61,Daniel Sturridge,Liverpool,0.26,0.22,Saved,11.0,Head,
65,Daniel Sturridge,Liverpool,0.03,,Off Target,22.0,Right Foot,
68,Mohamed Salah,Liverpool,0.04,,Blocked,18.0,Left Foot,
72,Mohamed Salah,Liverpool,0.04,,Off Target,15.0,Left Foot,
82,Sadio Mané,Liverpool,0.17,,Off Target,5.0,Left Foot,
87,Trent Alexander-Arnold,Liverpool,0.07,,Blocked,23.0,Right Foot,Free kick
89,Trent Alexander-Arnold,Liverpool,0.03,,Blocked,22.0,Right Foot,
90,Roberto Firmino,Liverpool,0.06,0.52,Goal,13.0,Right Foot,
4,Roberto Firmino,Liverpool,0.08,,Off Target,9.0,Head,
10,Xherdan Shaqiri,Liverpool,0.03,,Blocked,17.0,Right Foot,
21,Joël Matip,Liverpool,0.07,0.56,Goal,9.0,Head,
31,Georginio Wijnaldum,Liverpool,0.04,,Off Target,25.0,Right Foot,
43,Mohamed Salah,Liverpool,0.23,,Off Target,4.0,Left Foot,
45,Roberto Firmino,Liverpool,0.04,,Blocked,18.0,Right Foot,
45,Sadio Mané,Liverpool,0.03,0.04,Saved,26.0,Right Foot,
45,Xherdan Shaqiri,Liverpool,0.06,,Woodwork,30.0,Left Foot,Free kick
45,Mohamed Salah,Liverpool,0.96,0.98,Goal,1.0,Left Foot,
,,,,,,,,
85,Andrew Robertson,Liverpool,0.04,,Off Target,16.0,Left Foot,Volley
89,James Milner,Liverpool,0.07,,Blocked,15.0,Right Foot,
89,James Milner,Liverpool,0.09,,Blocked,12.0,Left Foot,
5,Mohamed Salah,Liverpool,0.03,0.02,Saved,22.0,Left Foot,
11,Mohamed Salah,Liverpool,0.06,,Off Target,22.0,Left Foot,
15,Sadio Mané,Liverpool,0.04,,Off Target,23.0,Right Foot,
18,Roberto Firmino,Liverpool,0.05,,Blocked,16.0,Right Foot,
32,Mohamed Salah,Liverpool,0.45,,Blocked,8.0,Right Foot,
44,Sadio Mané,Liverpool,0.07,,Off Target,15.0,Left Foot,Volley
,,,,,,,,
58,Sadio Mané,Liverpool,0.07,0.2,Saved,11.0,Right Foot,
59,Mohamed Salah,Liverpool,0.04,,Off Target,16.0,Left Foot,
70,Xherdan Shaqiri,Liverpool,0.3,,Off Target,11.0,Right Foot,
72,Roberto Firmino,Liverpool,0.39,,Blocked,7.0,Head,
84,Xherdan Shaqiri,Liverpool,0.06,0.17,Saved,30.0,Left Foot,Free kick
85,Naby Keïta,Liverpool,0.03,,Off Target,24.0,Right Foot,
89,Daniel Sturridge,Liverpool,0.03,0.58,Goal,27.0,Left Foot,
26,Georginio Wijnaldum,Liverpool,0.03,,Off Target,26.0,Right Foot,
38,Mohamed Salah,Liverpool,0.04,,Blocked,23.0,Left Foot,
38,Trent Alexander-Arnold,Liverpool,0.03,,Off Target,26.0,Right Foot,
,,,,,,,,
68,Mohamed Salah,Liverpool,0.03,,Off Target,22.0,Left Foot,
4,Mohamed Salah,Liverpool,0.05,,Off Target,16.0,Left Foot,
12,Dejan Lovren,Liverpool,0.08,,Off Target,9.0,Head,
,,,,,,,,
50,Joe Gomez,Liverpool,0.04,,Blocked,21.0,Left Foot,
62,Mohamed Salah,Liverpool,0.05,0.09,Saved,16.0,Left Foot,
65,Joe Gomez,Liverpool,0.03,,Off Target,26.0,Right Foot,Volley
69,Mohamed Salah,Liverpool,0.04,,Off Target,18.0,Left Foot,
79,Daniel Sturridge,Liverpool,0.07,0.37,Saved,11.0,Head,
17,Xherdan Shaqiri,Liverpool,0.08,,Blocked,17.0,Left Foot,Volley
24,Mohamed Salah,Liverpool,0.07,0.68,Goal,11.0,Right Foot,
26,Xherdan Shaqiri,Liverpool,0.03,,Blocked,26.0,Left Foot,
26,Andrew Robertson,Liverpool,0.03,,Blocked,25.0,Left Foot,
,,,,,,,,
47,Andrew Robertson,Liverpool,0.03,,Blocked,19.0,Left Foot,
47,Daniel Sturridge,Liverpool,0.03,,Off Target,20.0,Right Foot,
49,Daniel Sturridge,Liverpool,0.04,,Off Target,22.0,Left Foot,
60,Mohamed Salah,Liverpool,0.03,,Blocked,27.0,Left Foot,
64,Mohamed Salah,Liverpool,0.09,,Off Target,18.0,Left Foot,
88,Mohamed Salah,Liverpool,0.15,0.08,Saved,5.0,Left Foot,
89,Roberto Firmino,Liverpool,0.06,,Off Target,20.0,Left Foot,
10,Roberto Firmino,Liverpool,0.05,,Blocked,14.0,Right Foot,
11,Mohamed Salah,Liverpool,0.49,0.59,Saved,11.0,Right Foot,
20,Roberto Firmino,Liverpool,0.14,0.11,Goal,12.0,Left Foot,Deflected
25,Mohamed Salah,Liverpool,0.1,,Off Target,14.0,Left Foot,
38,Xherdan Shaqiri,Liverpool,0.03,0.02,Saved,27.0,Left Foot,
43,Andrew Robertson,Liverpool,0.05,,Off Target,16.0,Left Foot,
45,Mohamed Salah,Liverpool,0.3,0.45,Goal,12.0,Right Foot,
,,,,,,,,
48,Fabinho,Liverpool,0.04,,Off Target,25.0,Right Foot,
51,Mohamed Salah (pen),Liverpool,0.79,0.94,Goal,13.0,Left Foot,
54,Trent Alexander-Arnold,Liverpool,0.47,0.68,Saved,11.0,Left Foot,Volley
56,Xherdan Shaqiri,Liverpool,0.05,,Blocked,31.0,Left Foot,Free kick
63,Roberto Firmino,Liverpool,0.03,0.08,Saved,31.0,Right Foot,
68,Virgil van Dijk,Liverpool,0.05,,Blocked,9.0,Head,
76,Sadio Mané (pen),Liverpool,0.79,0.99,Saved,13.0,Right Foot,
76,Sadio Mané,Liverpool,0.66,,Off Target,5.0,Right Foot,
80,Sadio Mané,Liverpool,0.5,0.93,Goal,10.0,Right Foot,
81,Adam Lallana,Liverpool,0.53,0.75,Saved,17.0,Right Foot,
90,Daniel Sturridge,Liverpool,0.03,,Saved off Target,32.0,Left Foot,
90,Alberto Moreno,Liverpool,0.02,,Off Target,29.0,Left Foot,Volley
90,Sadio Mané,Liverpool,0.4,,Off Target,15.0,Left Foot,
90,Daniel Sturridge,Liverpool,0.03,0.15,Saved,24.0,Left Foot,
10,Sadio Mané,Liverpool,0.08,,Blocked,14.0,Left Foot,
10,Georginio Wijnaldum,Liverpool,0.46,,Blocked,9.0,Right Foot,
10,Mohamed Salah,Liverpool,0.46,0.74,Goal,5.0,Left Foot,Deflected
13,Virgil van Dijk,Liverpool,0.1,,Woodwork,7.0,Head,
15,Trent Alexander-Arnold,Liverpool,0.01,,Blocked,51.0,Right Foot,
18,Mohamed Salah,Liverpool,0.06,,Blocked,21.0,Left Foot,
25,Trent Alexander-Arnold,Liverpool,0.04,,Off Target,22.0,Left Foot,
30,Alberto Moreno,Liverpool,0.03,,Off Target,29.0,Left Foot,
35,Adam Lallana,Liverpool,0.03,,Blocked,32.0,Left Foot,
41,Virgil van Dijk,Liverpool,0.09,,Off Target,9.0,Right Foot,Volley
42,Roberto Firmino,Liverpool,0.03,,Off Target,26.0,Right Foot,
45,Adam Lallana,Liverpool,0.06,,Blocked,9.0,Head,
,,,,,,,,
66,Sadio Mané,Liverpool,0.08,0.53,Goal,13.0,Left Foot,
79,James Milner,Liverpool,0.04,,Blocked,20.0,Right Foot,
79,Trent Alexander-Arnold,Liverpool,0.03,0.04,Saved,28.0,Right Foot,Deflected
82,Mohamed Salah,Liverpool,0.06,0.7,Saved,28.0,Right Foot,
84,Xherdan Shaqiri,Liverpool,0.53,0.95,Goal,11.0,Left Foot,
87,Sadio Mané,Liverpool,0.54,0.71,Goal,15.0,Right Foot,
90,Mohamed Salah,Liverpool,0.01,,Off Target,62.0,Left Foot,
9,Georginio Wijnaldum,Liverpool,0.06,,Off Target,17.0,Right Foot,
13,Roberto Firmino,Liverpool,0.03,,Blocked,30.0,Left Foot,
18,Roberto Firmino,Liverpool,0.33,,Woodwork,13.0,Right Foot,
23,Virgil van Dijk,Liverpool,0.48,0.36,Saved,9.0,Right Foot,Volley
24,Mohamed Salah,Liverpool,0.03,,Blocked,22.0,Left Foot,
24,Andrew Robertson,Liverpool,0.04,0.06,Saved,17.0,Left Foot,
45,Virgil van Dijk,Liverpool,0.05,,Woodwork,15.0,Head,
,,,,,,,,
50,Mohamed Salah,Liverpool,0.05,,Blocked,18.0,Left Foot,
61,James Milner,Liverpool,0.06,0.16,Goal,17.0,Right Foot,
69,Roberto Firmino,Liverpool,0.05,,Off Target,11.0,Head,
74,Virgil van Dijk,Liverpool,0.05,0.05,Saved,11.0,Head,
83,Sadio Mané,Liverpool,0.06,,Blocked,22.0,Right Foot,
84,Mohamed Salah,Liverpool,0.02,,Off Target,24.0,Left Foot,
8,James Milner,Liverpool,0.06,,Off Target,19.0,Right Foot,Volley
12,Trent Alexander-Arnold,Liverpool,0.04,,Off Target,18.0,Right Foot,Volley
17,Andrew Robertson,Liverpool,0.12,,Off Target,8.0,Left Foot,
17,Daniel Sturridge,Liverpool,0.55,,Off Target,7.0,Left Foot,
20,Daniel Sturridge,Liverpool,0.07,,Blocked,13.0,Right Foot,
24,Mohamed Salah,Liverpool,0.05,,Blocked,18.0,Left Foot,
30,Mohamed Salah,Liverpool,0.03,,Off Target,20.0,Left Foot,Volley
32,Georginio Wijnaldum,Liverpool,0.05,,Blocked,11.0,Head,
33,Adam Lallana,Liverpool,0.04,,Blocked,14.0,Head,
35,Daniel Sturridge,Liverpool,0.07,,Off Target,18.0,Right Foot,
,,,,,,,,
48,Sadio Mané,Liverpool,0.34,,Blocked,4.0,Right Foot,
49,Adam Lallana,Liverpool,0.07,,Blocked,15.0,Left Foot,
71,Mohamed Salah,Liverpool,0.03,0.21,Saved,25.0,Left Foot,Deflected
71,Mohamed Salah,Liverpool,0.05,,Woodwork,15.0,Left Foot,Volley
74,Joël Matip,Liverpool,0.07,,Off Target,8.0,Head,
79,Mohamed Salah,Liverpool,0.14,,Blocked,10.0,Left Foot,
82,Joël Matip,Liverpool,0.11,,Off Target,7.0,Head,
82,Mohamed Salah,Liverpool,0.11,0.03,Saved,4.0,Left Foot,
85,Virgil van Dijk,Liverpool,0.08,,Off Target,7.0,Head,
86,Mohamed Salah,Liverpool,0.04,,Blocked,18.0,Left Foot,
87,Georginio Wijnaldum,Liverpool,0.04,,Blocked,26.0,Right Foot,
90,Virgil van Dijk,Liverpool,0.04,0.04,Saved,15.0,Head,
90,Mohamed Salah,Liverpool,0.06,0.14,Saved,17.0,Left Foot,
4,Sadio Mané,Liverpool,0.05,,Off Target,15.0,Right Foot,
13,Xherdan Shaqiri,Liverpool,0.02,,Off Target,28.0,Left Foot,
16,Mohamed Salah,Liverpool,0.53,0.5,Saved,9.0,Right Foot,
20,Trent Alexander-Arnold,Liverpool,0.05,,Off Target,13.0,Head,
22,Mohamed Salah,Liverpool,0.06,0.08,Saved,11.0,Right Foot,
25,Fabinho,Liverpool,0.03,,Blocked,32.0,Right Foot,
28,Sadio Mané,Liverpool,0.04,,Off Target,20.0,Right Foot,
30,Mohamed Salah,Liverpool,0.03,,Blocked,29.0,Left Foot,
32,Xherdan Shaqiri,Liverpool,0.06,,Blocked,29.0,Left Foot,Free kick
32,Trent Alexander-Arnold,Liverpool,0.02,,Blocked,31.0,Right Foot,Volley
35,Xherdan Shaqiri,Liverpool,0.05,,Off Target,20.0,Left Foot,
41,Mohamed Salah,Liverpool,0.21,0.49,Goal,14.0,Left Foot,
,,,,,,,,
53,Sadio Mané,Liverpool,0.03,0.11,Saved,28.0,Right Foot,
53,Sadio Mané,Liverpool,0.08,,Off Target,8.0,Head,
53,Xherdan Shaqiri,Liverpool,0.16,0.49,Goal,7.0,Left Foot,Volley
59,Virgil van Dijk,Liverpool,0.06,,Blocked,30.0,Right Foot,Free kick
62,Andrew Robertson,Liverpool,0.05,0.18,Saved,16.0,Left Foot,
68,Trent Alexander-Arnold,Liverpool,0.14,,Blocked,21.0,Right Foot,Free kick
81,Trent Alexander-Arnold,Liverpool,0.03,,Off Target,27.0,Right Foot,
90,Roberto Firmino,Liverpool,0.02,0.02,Saved,19.0,Right Foot,
90,Mohamed Salah,Liverpool,0.05,,Blocked,14.0,Left Foot,
39,Roberto Firmino,Liverpool,0.03,0.22,Saved,19.0,Right Foot,
41,Sadio Mané,Liverpool,0.08,0.05,Saved,12.0,Right Foot,Volley
42,Mohamed Salah,Liverpool,0.05,0.22,Saved,10.0,Head,
,,,,,,,,
53,Roberto Firmino,Liverpool,0.06,,Off Target,15.0,Right Foot,Volley
60,Xherdan Shaqiri,Liverpool,0.03,,Off Target,27.0,Left Foot,
67,Mohamed Salah,Liverpool,0.12,0.07,Goal,10.0,Left Foot,Volley
76,Trent Alexander-Arnold,Liverpool,0.06,0.42,Goal,32.0,Right Foot,Free kick
79,Jordan Henderson,Liverpool,0.02,,Off Target,24.0,Right Foot,
89,Sadio Mané,Liverpool,0.41,0.47,Saved,14.0,Right Foot,
89,Roberto Firmino,Liverpool,0.56,0.92,Goal,5.0,Head,
22,Mohamed Salah,Liverpool,0.04,,Off Target,20.0,Left Foot,
26,Georginio Wijnaldum,Liverpool,0.05,,Blocked,17.0,Right Foot,
30,Roberto Firmino,Liverpool,0.12,,Off Target,5.0,Head,
44,Mohamed Salah,Liverpool,0.12,,Off Target,10.0,Left Foot,
45,James Milner (pen),Liverpool,0.79,0.99,Goal,13.0,Right Foot,
,,,,,,,,
60,Mohamed Salah,Liverpool,0.06,,Blocked,16.0,Left Foot,
60,Roberto Firmino,Liverpool,0.06,,Off Target,10.0,Head,
61,Mohamed Salah,Liverpool,0.03,,Blocked,25.0,Left Foot,Volley
12,Sadio Mané,Liverpool,0.38,,Off Target,13.0,Left Foot,Volley
13,Sadio Mané,Liverpool,0.05,,Blocked,14.0,Left Foot,
19,Roberto Firmino,Liverpool,0.07,,Off Target,16.0,Left Foot,
29,Roberto Firmino,Liverpool,0.03,0.05,Saved,28.0,Right Foot,
34,Xherdan Shaqiri,Liverpool,0.47,0.55,Saved,10.0,Right Foot,
,,,,,,,,
48,Mohamed Salah,Liverpool,0.03,,Off Target,27.0,Left Foot,
53,Sadio Mané,Liverpool,0.29,,Off Target,13.0,Left Foot,
57,Xherdan Shaqiri,Liverpool,0.04,,Blocked,24.0,Right Foot,
59,Sadio Mané,Liverpool,0.04,,Off Target,23.0,Right Foot,
81,Roberto Firmino,Liverpool,0.07,,Off Target,15.0,Left Foot,
87,Divock Origi,Liverpool,0.48,,Woodwork,3.0,Right Foot,Volley
87,Virgil van Dijk,Liverpool,0.08,,Off Target,9.0,Head,
87,Daniel Sturridge,Liverpool,0.03,,Blocked,20.0,Left Foot,Volley
90,Naby Keïta,Liverpool,0.04,,Off Target,22.0,Right Foot,
90,Virgil van Dijk,Liverpool,0.03,,Saved off Target,22.0,Right Foot,Volley
90,Divock Origi,Liverpool,0.88,0.99,Goal,2.0,Head,
29,Virgil van Dijk,Liverpool,0.05,0.07,Saved,12.0,Head,
35,Naby Keïta,Liverpool,0.06,,Blocked,15.0,Right Foot,
38,James Milner,Liverpool,0.08,,Blocked,15.0,Right Foot,
39,Naby Keïta,Liverpool,0.06,0.08,Saved,15.0,Right Foot,Deflected
,,,,,,,,
47,Daniel Sturridge,Liverpool,0.03,0.19,Saved,26.0,Left Foot,
52,Virgil van Dijk,Liverpool,0.09,,Blocked,8.0,Head,
52,Naby Keïta,Liverpool,0.03,0.53,Saved,29.0,Left Foot,
52,Virgil van Dijk,Liverpool,0.07,,Off Target,10.0,Head,
58,Trent Alexander-Arnold,Liverpool,0.06,0.23,Saved,9.0,Right Foot,Volley
62,James Milner,Liverpool,0.06,0.52,Goal,25.0,Right Foot,
69,Roberto Firmino,Liverpool,0.84,0.96,Goal,2.0,Right Foot,
82,Naby Keïta,Liverpool,0.03,0.05,Saved,25.0,Left Foot,
82,Mohamed Salah,Liverpool,0.09,0.11,Saved,6.0,Right Foot,
82,Naby Keïta,Liverpool,0.12,,Blocked,10.0,Right Foot,
82,Jordan Henderson,Liverpool,0.03,,Off Target,23.0,Right Foot,
82,Naby Keïta,Liverpool,0.17,,Blocked,8.0,Right Foot,
86,Mohamed Salah,Liverpool,0.09,0.11,Saved,14.0,Right Foot,
90,Xherdan Shaqiri,Liverpool,0.48,0.96,Goal,15.0,Left Foot,
13,Xherdan Shaqiri,Liverpool,0.09,,Blocked,26.0,Left Foot,Free kick
14,Mohamed Salah,Liverpool,0.09,,Off Target,8.0,Right Foot,
19,Fabinho,Liverpool,0.03,,Off Target,29.0,Right Foot,
20,Naby Keïta,Liverpool,0.05,,Blocked,16.0,Left Foot,Volley
25,Roberto Firmino,Liverpool,0.03,0.04,Saved,31.0,Left Foot,Volley
25,Mohamed Salah,Liverpool,0.37,0.44,Goal,11.0,Left Foot,
,,,,,,,,
48,Mohamed Salah,Liverpool,0.13,0.73,Goal,15.0,Left Foot,Deflected
77,Mohamed Salah,Liverpool,0.72,0.97,Goal,6.0,Left Foot,
85,James Milner,Liverpool,0.03,,Off Target,27.0,Right Foot,
86,Georginio Wijnaldum,Liverpool,0.05,,Off Target,11.0,Head,
9,James Milner,Liverpool,0.06,,Off Target,9.0,Head,
16,Roberto Firmino,Liverpool,0.03,,Blocked,28.0,Left Foot,
18,Jordan Henderson,Liverpool,0.03,,Off Target,23.0,Left Foot,Volley
26,Roberto Firmino,Liverpool,0.1,,Blocked,15.0,Left Foot,
32,Jordan Henderson,Liverpool,0.03,,Off Target,25.0,Left Foot,
34,Mohamed Salah,Liverpool,0.15,0.15,Goal,6.0,Right Foot,
41,Trent Alexander-Arnold,Liverpool,0.03,,Off Target,22.0,Right Foot,
,,,,,,,,
48,Georginio Wijnaldum,Liverpool,0.08,,Off Target,14.0,Right Foot,Volley
50,Mohamed Salah,Liverpool,0.09,,Off Target,11.0,Left Foot,
56,Mohamed Salah,Liverpool,0.04,,Blocked,25.0,Left Foot,
57,Roberto Firmino,Liverpool,0.03,0.02,Saved,18.0,Head,
58,Virgil van Dijk,Liverpool,0.02,,Off Target,39.0,Right Foot,
61,Jordan Henderson,Liverpool,0.03,0.37,Saved,30.0,Right Foot,Volley
62,James Milner,Liverpool,0.05,,Off Target,17.0,Right Foot,
69,Trent Alexander-Arnold,Liverpool,0.03,,Blocked,29.0,Right Foot,
74,Mohamed Salah,Liverpool,0.08,0.34,Saved,16.0,Right Foot,
77,Sadio Mané,Liverpool,0.57,0.55,Saved,10.0,Left Foot,
78,Virgil van Dijk,Liverpool,0.37,,Off Target,8.0,Right Foot,Volley
82,Georginio Wijnaldum,Liverpool,0.07,,Off Target,10.0,Head,
83,Georginio Wijnaldum,Liverpool,0.07,,Blocked,15.0,Left Foot,
85,Georginio Wijnaldum,Liverpool,0.06,,Off Target,16.0,Right Foot,
87,Sadio Mané,Liverpool,0.5,,Off Target,9.0,Left Foot,
90,Sadio Mané,Liverpool,0.65,,Off Target,13.0,Right Foot,
2,Roberto Firmino,Liverpool,0.04,,Blocked,17.0,Right Foot,
6,Roberto Firmino,Liverpool,0.1,,Off Target,8.0,Head,
7,Roberto Firmino,Liverpool,0.03,0.21,Saved,28.0,Left Foot,
9,Fabinho,Liverpool,0.03,0.29,Saved,25.0,Right Foot,
10,Roberto Firmino,Liverpool,0.17,,Blocked,8.0,Left Foot,"Deflected, Volley"
10,Andrew Robertson,Liverpool,0.02,,Off Target,20.0,Left Foot,
10,Virgil van Dijk,Liverpool,0.06,,Blocked,13.0,Right Foot,
11,Mohamed Salah,Liverpool,0.03,,Blocked,23.0,Left Foot,
12,Fabinho,Liverpool,0.03,,Off Target,30.0,Right Foot,
14,Roberto Firmino,Liverpool,0.03,,Off Target,28.0,Left Foot,
24,Sadio Mané,Liverpool,0.5,0.82,Goal,9.0,Left Foot,Volley
27,Roberto Firmino,Liverpool,0.05,,Blocked,14.0,Left Foot,
27,Dejan Lovren,Liverpool,0.35,,Off Target,7.0,Right Foot,
37,Sadio Mané,Liverpool,0.04,0.14,Saved,22.0,Left Foot,
45,Fabinho,Liverpool,0.03,,Blocked,30.0,Right Foot,
,,,,,,,,
48,Mohamed Salah,Liverpool,0.05,,Blocked,21.0,Left Foot,
51,Fabinho,Liverpool,0.09,,Blocked,8.0,Head,
52,Roberto Firmino,Liverpool,0.1,0.19,Saved,14.0,Right Foot,
52,Naby Keïta,Liverpool,0.09,,Blocked,6.0,Right Foot,
56,Nathaniel Clyne,Liverpool,0.02,,Blocked,34.0,Right Foot,
57,Nathaniel Clyne,Liverpool,0.01,,Off Target,31.0,Right Foot,
59,Dejan Lovren,Liverpool,0.02,,Off Target,30.0,Right Foot,
61,Virgil van Dijk,Liverpool,0.02,,Blocked,29.0,Right Foot,
61,Roberto Firmino,Liverpool,0.06,,Blocked,14.0,Right Foot,
62,Dejan Lovren,Liverpool,0.13,,Blocked,4.0,Head,
63,Virgil van Dijk,Liverpool,0.07,,Blocked,16.0,Left Foot,
69,Sadio Mané,Liverpool,0.03,,Blocked,22.0,Left Foot,
69,Georginio Wijnaldum,Liverpool,0.03,0.04,Saved,24.0,Right Foot,
71,Fabinho,Liverpool,0.02,0.04,Saved,33.0,Right Foot,
73,Xherdan Shaqiri,Liverpool,0.06,0.4,Goal,14.0,Right Foot,Deflected
75,Georginio Wijnaldum,Liverpool,0.05,,Off Target,24.0,Left Foot,
80,Xherdan Shaqiri,Liverpool,0.04,0.16,Goal,22.0,Left Foot,Deflected
83,Georginio Wijnaldum,Liverpool,0.04,0.02,Saved,22.0,Right Foot,
90,Jordan Henderson,Liverpool,0.06,,Off Target,17.0,Left Foot,
90,Roberto Firmino,Liverpool,0.04,,Off Target,17.0,Right Foot,
90,Mohamed Salah,Liverpool,0.04,,Off Target,24.0,Left Foot,
3,Roberto Firmino,Liverpool,0.07,,Blocked,20.0,Left Foot,
12,Roberto Firmino,Liverpool,0.03,,Blocked,24.0,Right Foot,
13,Virgil van Dijk,Liverpool,0.04,,Blocked,15.0,Right Foot,
18,Mohamed Salah,Liverpool,0.19,0.23,Goal,8.0,Left Foot,
26,James Milner,Liverpool,0.03,0.07,Saved,23.0,Left Foot,
,,,,,,,,
48,Mohamed Salah,Liverpool,0.04,,Off Target,18.0,Left Foot,Volley
52,Naby Keïta,Liverpool,0.03,,Blocked,26.0,Right Foot,
53,Naby Keïta,Liverpool,0.03,,Blocked,25.0,Right Foot,
55,James Milner,Liverpool,0.05,,Off Target,24.0,Left Foot,
67,Adam Lallana,Liverpool,0.09,0.11,Saved,11.0,Left Foot,Deflected
68,Virgil van Dijk,Liverpool,0.18,0.51,Goal,8.0,Left Foot,Volley
84,Mohamed Salah,Liverpool,0.34,0.42,Saved,7.0,Left Foot,
85,Sadio Mané,Liverpool,0.07,,Off Target,10.0,Head,
90,Mohamed Salah,Liverpool,0.49,0.48,Saved,6.0,Left Foot,
90,Georginio Wijnaldum,Liverpool,0.28,,Off Target,15.0,Right Foot,
10,Xherdan Shaqiri,Liverpool,0.4,,Off Target,10.0,Left Foot,
11,Xherdan Shaqiri,Liverpool,0.05,,Blocked,16.0,Left Foot,
11,Dejan Lovren,Liverpool,0.05,0.28,Goal,15.0,Right Foot,Volley
22,Xherdan Shaqiri,Liverpool,0.02,,Off Target,30.0,Left Foot,Volley
41,Virgil van Dijk,Liverpool,0.15,0.09,Saved,6.0,Head,
42,Jordan Henderson,Liverpool,0.03,,Off Target,29.0,Right Foot,
44,Xherdan Shaqiri,Liverpool,0.06,0.2,Saved,28.0,Left Foot,"Free kick, Deflected"
,,,,,,,,
48,Mohamed Salah (pen),Liverpool,0.79,0.99,Goal,13.0,Left Foot,
65,Sadio Mané,Liverpool,0.1,,Blocked,12.0,Right Foot,Volley
67,Roberto Firmino,Liverpool,0.06,0.16,Saved,9.0,Right Foot,
79,Sadio Mané,Liverpool,0.13,,Blocked,6.0,Right Foot,
79,Xherdan Shaqiri,Liverpool,0.61,0.96,Goal,6.0,Left Foot,
85,Fabinho,Liverpool,0.41,0.63,Goal,3.0,Head,
88,Sadio Mané,Liverpool,0.08,,Off Target,18.0,Right Foot,
90,Daniel Sturridge,Liverpool,0.05,,Blocked,7.0,Head,
90,Nathaniel Clyne,Liverpool,0.04,0.02,Saved,19.0,Right Foot,Deflected
6,Roberto Firmino,Liverpool,0.04,,Blocked,17.0,Left Foot,
6,Mohamed Salah,Liverpool,0.15,,Off Target,5.0,Left Foot,
14,Roberto Firmino,Liverpool,0.92,0.98,Goal,2.0,Right Foot,
16,Roberto Firmino,Liverpool,0.37,0.86,Goal,15.0,Left Foot,
23,Sadio Mané,Liverpool,0.06,0.03,Saved,17.0,Right Foot,
32,Sadio Mané,Liverpool,0.46,0.8,Goal,8.0,Right Foot,
45,Mohamed Salah (pen),Liverpool,0.79,0.86,Goal,13.0,Left Foot,
,,,,,,,,
56,Roberto Firmino,Liverpool,0.03,0.02,Saved,24.0,Right Foot,
60,Trent Alexander-Arnold,Liverpool,0.03,,Blocked,25.0,Right Foot,
63,Fabinho,Liverpool,0.08,0.2,Saved,16.0,Right Foot,
65,Roberto Firmino (pen),Liverpool,0.79,0.99,Goal,13.0,Right Foot,
74,Xherdan Shaqiri,Liverpool,0.03,0.07,Saved,28.0,Left Foot,
85,Jordan Henderson,Liverpool,0.02,,Off Target,34.0,Right Foot,Volley
89,Jordan Henderson,Liverpool,0.05,,Off Target,23.0,Right Foot,
90,Mohamed Salah,Liverpool,0.09,0.24,Saved,11.0,Left Foot,
18,Sadio Mané,Liverpool,0.35,,Woodwork,15.0,Right Foot,
20,Sadio Mané,Liverpool,0.09,0.09,Saved,11.0,Right Foot,
,,,,,,,,
56,Trent Alexander-Arnold,Liverpool,0.04,,Off Target,18.0,Right Foot,
63,Roberto Firmino,Liverpool,0.06,0.27,Saved,13.0,Right Foot,
64,Roberto Firmino,Liverpool,0.77,0.96,Goal,3.0,Head,
84,Mohamed Salah,Liverpool,0.08,0.11,Saved,13.0,Left Foot,
85,Georginio Wijnaldum,Liverpool,0.1,,Blocked,6.0,Right Foot,Volley
9,Roberto Firmino,Liverpool,0.4,,Off Target,8.0,Right Foot,
24,Fabinho,Liverpool,0.08,,Off Target,8.0,Head,
27,Xherdan Shaqiri,Liverpool,0.08,,Off Target,9.0,Head,
35,Jordan Henderson,Liverpool,0.05,,Blocked,13.0,Head,
,,,,,,,,
48,Mohamed Salah,Liverpool,0.04,0.05,Saved,16.0,Left Foot,
50,Mohamed Salah (pen),Liverpool,0.79,0.99,Goal,13.0,Left Foot,
75,Roberto Firmino,Liverpool,0.04,0.02,Saved,22.0,Right Foot,
80,Georginio Wijnaldum,Liverpool,0.03,,Off Target,21.0,Left Foot,
87,Sadio Mané,Liverpool,0.06,,Blocked,16.0,Left Foot,
88,Mohamed Salah,Liverpool,0.42,,Off Target,9.0,Left Foot,
8,Joël Matip,Liverpool,0.11,0.05,Saved,8.0,Right Foot,
10,Fabinho,Liverpool,0.03,,Blocked,30.0,Right Foot,
13,Roberto Firmino,Liverpool,0.03,,Off Target,24.0,Right Foot,
22,Sadio Mané,Liverpool,0.08,0.07,Saved,8.0,Head,
30,Joël Matip,Liverpool,0.08,,Off Target,9.0,Head,
32,Virgil van Dijk,Liverpool,0.13,,Blocked,9.0,Head,
36,James Milner,Liverpool,0.08,,Blocked,14.0,Left Foot,
37,Virgil van Dijk,Liverpool,0.04,,Off Target,12.0,Head,
44,Fabinho,Liverpool,0.03,,Off Target,28.0,Right Foot,
44,Andrew Robertson,Liverpool,0.08,0.6,Saved,11.0,Left Foot,
,,,,,,,,
46,Virgil van Dijk,Liverpool,0.02,,Off Target,34.0,Right Foot,
46,Mohamed Salah,Liverpool,0.5,0.94,Goal,9.0,Left Foot,Volley
49,Andrew Robertson,Liverpool,0.03,,Off Target,28.0,Left Foot,
53,Roberto Firmino,Liverpool,0.04,0.42,Goal,16.0,Right Foot,Deflected
69,Sadio Mané,Liverpool,0.06,0.04,Saved,10.0,Right Foot,
75,Mohamed Salah,Liverpool,0.97,0.96,Goal,1.0,Left Foot,Volley
82,Sadio Mané,Liverpool,0.07,0.38,Saved,22.0,Right Foot,
90,Sadio Mané,Liverpool,0.15,,Off Target,14.0,Left Foot,
90,Sadio Mané,Liverpool,0.05,0.18,Goal,12.0,Right Foot,
3,Sadio Mané,Liverpool,0.05,0.64,Goal,15.0,Right Foot,Deflected
6,Roberto Firmino,Liverpool,0.09,0.44,Saved,12.0,Right Foot,
6,Sadio Mané,Liverpool,0.07,,Off Target,9.0,Head,
36,Mohamed Salah,Liverpool,0.06,,Blocked,19.0,Left Foot,
,,,,,,,,
74,Roberto Firmino,Liverpool,0.08,0.03,Saved,14.0,Right Foot,
75,Joël Matip,Liverpool,0.06,,Off Target,10.0,Head,
77,Andrew Robertson,Liverpool,0.03,,Off Target,25.0,Left Foot,Volley
82,Mohamed Salah,Liverpool,0.06,,Blocked,27.0,Left Foot,Free kick
87,Daniel Sturridge,Liverpool,0.04,,Off Target,27.0,Left Foot,
90,Sadio Mané,Liverpool,0.04,,Off Target,10.0,Head,
9,Adam Lallana,Liverpool,0.04,,Off Target,17.0,Left Foot,
20,Roberto Firmino,Liverpool,0.06,0.21,Saved,13.0,Left Foot,
22,Sadio Mané,Liverpool,0.43,0.82,Goal,9.0,Left Foot,
30,Naby Keïta,Liverpool,0.03,,Blocked,28.0,Left Foot,
44,Sadio Mané,Liverpool,0.2,0.1,Saved,6.0,Head,
,,,,,,,,
51,Mohamed Salah,Liverpool,0.06,0.02,Saved,22.0,Left Foot,
61,Mohamed Salah,Liverpool,0.08,0.15,Saved,13.0,Left Foot,
63,Mohamed Salah,Liverpool,0.04,,Off Target,18.0,Left Foot,
64,Andrew Robertson,Liverpool,0.02,,Off Target,29.0,Left Foot,
81,Mohamed Salah,Liverpool,0.03,,Blocked,26.0,Left Foot,
90,Divock Origi,Liverpool,0.12,0.03,Saved,11.0,Left Foot,
10,Mohamed Salah,Liverpool,0.04,,Off Target,18.0,Left Foot,
12,Roberto Firmino,Liverpool,0.11,0.23,Saved,6.0,Left Foot,
13,Mohamed Salah,Liverpool,0.03,0.02,Saved,24.0,Left Foot,Deflected
24,Sadio Mané,Liverpool,0.11,0.17,Goal,7.0,Head,
28,James Milner,Liverpool,0.04,,Blocked,16.0,Right Foot,
29,Mohamed Salah,Liverpool,0.04,,Off Target,12.0,Left Foot,Volley
34,Georginio Wijnaldum,Liverpool,0.06,0.05,Goal,13.0,Right Foot,
45,Mohamed Salah,Liverpool,0.04,0.13,Saved,21.0,Left Foot,Volley
45,Georginio Wijnaldum,Liverpool,0.02,0.03,Saved,26.0,Left Foot,
,,,,,,,,
48,Mohamed Salah,Liverpool,0.26,0.88,Goal,14.0,Left Foot,
55,Sadio Mané,Liverpool,0.03,,Blocked,20.0,Right Foot,
56,Sadio Mané,Liverpool,0.31,,Off Target,6.0,Head,
60,Mohamed Salah,Liverpool,0.03,,Blocked,23.0,Left Foot,
76,Mohamed Salah,Liverpool,0.06,,Woodwork,12.0,Left Foot,
80,Roberto Firmino,Liverpool,0.08,,Blocked,15.0,Right Foot,
80,Naby Keïta,Liverpool,0.08,,Off Target,12.0,Right Foot,
82,James Milner,Liverpool,0.04,,Blocked,18.0,Right Foot,
83,James Milner,Liverpool,0.04,,Off Target,28.0,Right Foot,
87,Roberto Firmino,Liverpool,0.32,0.73,Saved,20.0,Right Foot,
90,Trent Alexander-Arnold,Liverpool,0.27,0.12,Saved,13.0,Right Foot,
12,Mohamed Salah,Liverpool,0.18,0.14,Saved,10.0,Left Foot,Volley
16,Sadio Mané,Liverpool,0.06,,Off Target,15.0,Left Foot,
20,Naby Keïta,Liverpool,0.07,,Off Target,22.0,Right Foot,Volley
24,Mohamed Salah,Liverpool,0.31,,Off Target,6.0,Head,
33,Naby Keïta,Liverpool,0.05,,Blocked,21.0,Left Foot,
33,Sadio Mané,Liverpool,0.44,,Off Target,10.0,Left Foot,
38,Sadio Mané,Liverpool,0.48,,Off Target,8.0,Right Foot,Volley
38,Naby Keïta,Liverpool,0.04,,Blocked,24.0,Left Foot,
41,Joël Matip,Liverpool,0.13,,Off Target,10.0,Left Foot,
45,Roberto Firmino,Liverpool,0.09,,Off Target,9.0,Right Foot,
,,,,,,,,
81,Joël Matip,Liverpool,0.07,,Blocked,9.0,Head,
81,Trent Alexander-Arnold,Liverpool,0.03,,Off Target,29.0,Right Foot,
83,Joël Matip,Liverpool,0.03,,Off Target,21.0,Right Foot,
85,Sadio Mané,Liverpool,0.06,0.17,Saved,9.0,Head,Deflected
86,Joël Matip,Liverpool,0.11,,Off Target,8.0,Other,
2,James Milner,Liverpool,0.04,,Blocked,16.0,Right Foot,
16,Mohamed Salah,Liverpool,0.14,,Off Target,22.0,Left Foot,Free kick
33,Daniel Sturridge,Liverpool,0.02,0.47,Saved,34.0,Left Foot,
44,Joël Matip,Liverpool,0.05,,Off Target,11.0,Head,
,,,,,,,,
66,Georginio Wijnaldum,Liverpool,0.03,,Off Target,23.0,Right Foot,
70,Georginio Wijnaldum,Liverpool,0.06,,Blocked,10.0,Head,
71,Joël Matip,Liverpool,0.13,,Off Target,6.0,Head,
8,Fabinho,Liverpool,0.03,,Blocked,23.0,Right Foot,
9,Sadio Mané,Liverpool,0.36,0.81,Goal,7.0,Head,
12,Sadio Mané,Liverpool,0.1,,Off Target,7.0,Right Foot,Volley
20,Sadio Mané,Liverpool,0.29,0.32,Goal,12.0,Right Foot,
23,Mohamed Salah,Liverpool,0.03,,Off Target,22.0,Left Foot,
28,Mohamed Salah,Liverpool,0.04,0.02,Saved,23.0,Left Foot,
37,Mohamed Salah,Liverpool,0.05,0.14,Saved,12.0,Right Foot,
37,James Milner,Liverpool,0.14,0.05,Saved,8.0,Left Foot,
37,Fabinho,Liverpool,0.03,,Off Target,28.0,Right Foot,
,,,,,,,,
49,Mohamed Salah,Liverpool,0.04,,Blocked,17.0,Left Foot,
49,Andrew Robertson,Liverpool,0.07,,Off Target,11.0,Left Foot,
57,Divock Origi,Liverpool,0.05,,Blocked,29.0,Right Foot,
57,Divock Origi,Liverpool,0.05,,Blocked,27.0,Right Foot,
61,Divock Origi,Liverpool,0.03,0.02,Saved,23.0,Right Foot,
63,Sadio Mané,Liverpool,0.12,,Blocked,11.0,Right Foot,
64,Georginio Wijnaldum,Liverpool,0.05,0.02,Saved,25.0,Left Foot,
66,Divock Origi,Liverpool,0.05,0.32,Goal,15.0,Right Foot,
79,Virgil van Dijk,Liverpool,0.31,0.62,Goal,6.0,Head,
82,Virgil van Dijk,Liverpool,0.14,0.49,Goal,9.0,Head,
15,Mohamed Salah,Liverpool,0.06,0.07,Saved,17.0,Left Foot,
28,Mohamed Salah,Liverpool,0.53,0.71,Saved,9.0,Left Foot,
28,Jordan Henderson,Liverpool,0.08,,Blocked,19.0,Left Foot,
44,Virgil van Dijk,Liverpool,0.05,,Off Target,10.0,Head,
,,,,,,,,
54,Trent Alexander-Arnold,Liverpool,0.05,0.12,Saved,31.0,Right Foot,Free kick
55,Divock Origi,Liverpool,0.03,,Off Target,20.0,Right Foot,
68,James Milner,Liverpool,0.03,,Blocked,26.0,Right Foot,
70,James Milner,Liverpool,0.04,,Blocked,24.0,Right Foot,
84,Joël Matip,Liverpool,0.14,,Off Target,7.0,Head,
85,Roberto Firmino,Liverpool,0.15,,Blocked,9.0,Right Foot,
14,Roberto Firmino,Liverpool,0.06,,Blocked,16.0,Right Foot,
15,Fabinho,Liverpool,0.02,,Blocked,32.0,Right Foot,
17,Sadio Mané,Liverpool,0.08,,Off Target,10.0,Head,
19,Roberto Firmino,Liverpool,0.98,0.98,Goal,1.0,Left Foot,
22,Trent Alexander-Arnold,Liverpool,0.03,,Off Target,27.0,Right Foot,
24,Trent Alexander-Arnold,Liverpool,0.01,,Off Target,29.0,Right Foot,
29,Sadio Mané,Liverpool,0.3,0.88,Goal,12.0,Right Foot,
31,Mohamed Salah,Liverpool,0.06,,Off Target,15.0,Left Foot,
38,Trent Alexander-Arnold,Liverpool,0.06,,Off Target,26.0,Right Foot,Free kick
,,,,,,,,
51,Mohamed Salah,Liverpool,0.03,,Off Target,24.0,Left Foot,
55,Mohamed Salah,Liverpool,0.02,,Blocked,25.0,Left Foot,Volley
59,Adam Lallana,Liverpool,0.04,,Blocked,18.0,Right Foot,
67,Georginio Wijnaldum,Liverpool,0.31,,Off Target,8.0,Head,
67,Roberto Firmino,Liverpool,0.49,0.75,Goal,9.0,Right Foot,
70,Virgil van Dijk,Liverpool,0.02,,Blocked,37.0,Right Foot,
75,Sadio Mané,Liverpool,0.04,,Blocked,20.0,Right Foot,
76,Mohamed Salah,Liverpool,0.01,,Blocked,31.0,Left Foot,
78,Jordan Henderson,Liverpool,0.07,,Blocked,10.0,Right Foot,
82,Sadio Mané,Liverpool,0.79,,Woodwork,3.0,Left Foot,
85,Andrew Robertson,Liverpool,0.06,,Blocked,13.0,Left Foot,
88,Mohamed Salah,Liverpool,0.08,0.37,Saved,14.0,Left Foot,
89,Daniel Sturridge,Liverpool,0.02,,Blocked,30.0,Left Foot,
90,Sadio Mané,Liverpool,0.44,0.45,Goal,11.0,Left Foot,
25,Roberto Firmino,Liverpool,0.04,,Off Target,22.0,Right Foot,
26,Sadio Mané,Liverpool,0.19,0.7,Goal,18.0,Left Foot,
34,Andrew Robertson,Liverpool,0.06,0.06,Saved,13.0,Left Foot,
,,,,,,,,
50,Mohamed Salah,Liverpool,0.07,0.03,Saved,22.0,Left Foot,
69,Virgil van Dijk,Liverpool,0.09,0.37,Goal,8.0,Head,
71,Fabinho,Liverpool,0.03,,Blocked,20.0,Right Foot,
72,Mohamed Salah,Liverpool,0.04,,Off Target,16.0,Left Foot,Volley
80,Roberto Firmino,Liverpool,0.03,0.02,Saved,27.0,Right Foot,
84,Sadio Mané,Liverpool,0.53,0.92,Goal,6.0,Head,
90,Georginio Wijnaldum,Liverpool,0.03,,Off Target,27.0,Right Foot,
4,Mohamed Salah,Liverpool,0.05,,Off Target,13.0,Right Foot,
18,Joël Matip,Liverpool,0.09,,Off Target,8.0,Head,
26,Sadio Mané,Liverpool,0.53,0.65,Goal,9.0,Right Foot,
28,Mohamed Salah,Liverpool,0.02,0.03,Saved,30.0,Left Foot,
35,Andrew Robertson,Liverpool,0.1,0.2,Saved,6.0,Left Foot,
,,,,,,,,
47,Georginio Wijnaldum,Liverpool,0.05,,Off Target,15.0,Right Foot,
47,Roberto Firmino,Liverpool,0.18,,Blocked,8.0,Right Foot,
51,Roberto Firmino,Liverpool,0.04,,Blocked,22.0,Left Foot,
52,Georginio Wijnaldum,Liverpool,0.15,,Off Target,4.0,Head,
73,Sadio Mané,Liverpool,0.12,,Woodwork,5.0,Head,
79,Divock Origi,Liverpool,0.02,,Blocked,29.0,Right Foot,
80,Mohamed Salah,Liverpool,0.05,0.05,Saved,13.0,Left Foot,
81,James Milner (pen),Liverpool,0.79,0.88,Goal,13.0,Right Foot,
85,Georginio Wijnaldum,Liverpool,0.04,,Off Target,23.0,Right Foot,
87,Mohamed Salah,Liverpool,0.36,0.32,Saved,14.0,Left Foot,
89,Mohamed Salah,Liverpool,0.03,,Off Target,23.0,Left Foot,
4,Mohamed Salah,Liverpool,0.03,,Off Target,22.0,Left Foot,
16,Roberto Firmino,Liverpool,0.29,0.35,Goal,9.0,Head,
18,Trent Alexander-Arnold,Liverpool,0.03,,Off Target,26.0,Right Foot,Volley
20,Sadio Mané,Liverpool,0.06,,Off Target,21.0,Right Foot,
37,Sadio Mané,Liverpool,0.04,,Off Target,22.0,Right Foot,
,,,,,,,,
49,Virgil van Dijk,Liverpool,0.1,,Off Target,6.0,Head,
54,Roberto Firmino,Liverpool,0.06,,Off Target,11.0,Head,
59,Mohamed Salah,Liverpool,0.11,,Blocked,18.0,Left Foot,
59,Jordan Henderson,Liverpool,0.05,,Blocked,25.0,Right Foot,
69,Mohamed Salah,Liverpool,0.03,,Off Target,26.0,Left Foot,
72,Mohamed Salah,Liverpool,0.08,,Off Target,9.0,Head,
76,Trent Alexander-Arnold,Liverpool,0.05,0.1,Saved,20.0,Left Foot,
81,Divock Origi,Liverpool,0.07,,Blocked,30.0,Right Foot,Free kick
90,Mohamed Salah,Liverpool,0.06,0.02,Saved,6.0,Head,
16,Sadio Mané,Liverpool,0.33,0.19,Saved,8.0,Head,
16,Naby Keïta,Liverpool,0.22,,Off Target,3.0,Right Foot,
23,Mohamed Salah,Liverpool,0.05,,Blocked,13.0,Left Foot,
30,Roberto Firmino,Liverpool,0.03,,Off Target,25.0,Right Foot,Volley
36,Naby Keïta,Liverpool,0.06,0.25,Goal,8.0,Head,
39,Sadio Mané,Liverpool,0.14,,Off Target,6.0,Head,
45,Roberto Firmino,Liverpool,0.03,,Off Target,20.0,Right Foot,
,,,,,,,,
60,Fabinho,Liverpool,0.03,,Off Target,27.0,Right Foot,
60,James Milner,Liverpool,0.01,,Blocked,32.0,Left Foot,
60,Roberto Firmino,Liverpool,0.01,0.05,Saved,29.0,Right Foot,
62,Roberto Firmino,Liverpool,0.11,,Off Target,10.0,Left Foot,
66,Roberto Firmino,Liverpool,0.24,,Blocked,9.0,Right Foot,
66,James Milner,Liverpool,0.04,,Blocked,18.0,Right Foot,
68,Jordan Henderson,Liverpool,0.03,,Blocked,18.0,Right Foot,Volley
72,Sadio Mané,Liverpool,0.07,,Off Target,9.0,Head,
80,Mohamed Salah,Liverpool,0.09,0.6,Goal,18.0,Left Foot,
86,Jordan Henderson,Liverpool,0.46,0.75,Goal,8.0,Left Foot,
5,Naby Keïta,Liverpool,0.06,0.12,Goal,18.0,Right Foot,Deflected
6,Roberto Firmino,Liverpool,0.05,,Blocked,14.0,Left Foot,
16,Naby Keïta,Liverpool,0.05,,Blocked,22.0,Right Foot,
18,Mohamed Salah,Liverpool,0.04,,Blocked,19.0,Left Foot,
18,Mohamed Salah,Liverpool,0.04,0.05,Saved,25.0,Left Foot,Volley
22,Mohamed Salah,Liverpool,0.46,,Off Target,14.0,Left Foot,
26,Roberto Firmino,Liverpool,0.82,0.93,Goal,3.0,Right Foot,
34,Roberto Firmino,Liverpool,0.35,,Off Target,11.0,Left Foot,
,,,,,,,,
52,Mohamed Salah,Liverpool,0.16,,Blocked,13.0,Left Foot,
60,James Milner,Liverpool,0.03,,Blocked,23.0,Right Foot,
61,Mohamed Salah,Liverpool,0.03,,Off Target,20.0,Left Foot,Volley
63,Mohamed Salah,Liverpool,0.06,,Blocked,19.0,Left Foot,
63,Mohamed Salah,Liverpool,0.07,,Blocked,16.0,Left Foot,
70,Sadio Mané,Liverpool,0.04,,Off Target,25.0,Right Foot,
75,Trent Alexander-Arnold,Liverpool,0.03,,Blocked,26.0,Right Foot,
6,Mohamed Salah,Liverpool,0.07,0.03,Saved,11.0,Left Foot,Volley
17,Mohamed Salah,Liverpool,0.05,,Blocked,17.0,Left Foot,
26,Jordan Henderson,Liverpool,0.06,,Blocked,17.0,Right Foot,Volley
38,Sadio Mané,Liverpool,0.12,,Off Target,15.0,Right Foot,
,,,,,,,,
48,Trent Alexander-Arnold,Liverpool,0.03,,Blocked,25.0,Right Foot,
49,Naby Keïta,Liverpool,0.06,,Off Target,17.0,Right Foot,Volley
51,Sadio Mané,Liverpool,0.56,0.73,Goal,4.0,Head,
53,Mohamed Salah,Liverpool,0.03,0.35,Goal,27.0,Left Foot,
57,Roberto Firmino,Liverpool,0.03,,Off Target,26.0,Right Foot,
60,Fabinho,Liverpool,0.03,,Blocked,29.0,Right Foot,
65,Mohamed Salah,Liverpool,0.04,0.22,Saved,17.0,Left Foot,
71,Mohamed Salah,Liverpool,0.04,,Blocked,17.0,Left Foot,
72,Trent Alexander-Arnold,Liverpool,0.03,0.05,Saved,15.0,Right Foot,
80,Roberto Firmino,Liverpool,0.02,0.18,Saved,19.0,Left Foot,
89,Sadio Mané,Liverpool,0.05,0.08,Saved,13.0,Left Foot,
26,Mohamed Salah,Liverpool,0.04,,Off Target,20.0,Left Foot,
26,Mohamed Salah,Liverpool,0.1,,Off Target,9.0,Right Foot,
26,Sadio Mané,Liverpool,0.77,0.95,Goal,3.0,Right Foot,
45,James Milner,Liverpool,0.06,,Off Target,12.0,Right Foot,Volley
,,,,,,,,
57,Mohamed Salah,Liverpool,0.05,,Off Target,15.0,Head,
65,Mohamed Salah,Liverpool,0.64,0.94,Goal,13.0,Left Foot,
72,Sadio Mané,Liverpool,0.73,,Off Target,11.0,Right Foot,
77,Roberto Firmino,Liverpool,0.38,0.19,Goal,7.0,Head,
84,Virgil van Dijk,Liverpool,0.7,0.71,Goal,3.0,Head,
88,Mohamed Salah,Liverpool,0.06,,Off Target,28.0,Left Foot,Free kick
90,Sadio Mané,Liverpool,0.05,,Off Target,19.0,Right Foot,
90,Mohamed Salah,Liverpool,0.03,0.02,Saved,23.0,Left Foot,Volley
90,Mohamed Salah,Liverpool,0.03,,Blocked,27.0,Left Foot,
13,Sadio Mané,Liverpool,0.03,,Off Target,31.0,Right Foot,
18,Roberto Firmino,Liverpool,0.04,,Blocked,18.0,Left Foot,
22,Roberto Firmino,Liverpool,0.48,,Off Target,12.0,Left Foot,
31,Sadio Mané,Liverpool,0.13,,Off Target,8.0,Left Foot,
34,Mohamed Salah,Liverpool,0.46,0.73,Saved,13.0,Left Foot,
41,Roberto Firmino,Liverpool,0.07,0.03,Saved,5.0,Head,
45,Trent Alexander-Arnold,Liverpool,0.07,,Blocked,28.0,Right Foot,Free kick
,,,,,,,,
50,Mohamed Salah,Liverpool,0.03,0.52,Saved,29.0,Left Foot,
51,Sadio Mané,Liverpool,0.04,,Off Target,17.0,Right Foot,
55,Trent Alexander-Arnold,Liverpool,0.03,,Off Target,28.0,Right Foot,
57,Georginio Wijnaldum,Liverpool,0.08,0.3,Goal,12.0,Right Foot,
60,Naby Keïta,Liverpool,0.02,,Blocked,28.0,Right Foot,
61,Jordan Henderson,Liverpool,0.29,,Off Target,13.0,Right Foot,
66,Mohamed Salah,Liverpool,0.07,,Off Target,17.0,Left Foot,
72,Virgil van Dijk,Liverpool,0.28,,Off Target,4.0,Head,
81,James Milner (pen),Liverpool,0.79,0.99,Goal,13.0,Right Foot,
90,Mohamed Salah,Liverpool,0.1,0.15,Saved,10.0,Left Foot,
1,Naby Keïta,Liverpool,0.08,0.61,Goal,13.0,Right Foot,
2,Mohamed Salah,Liverpool,0.04,0.03,Saved,17.0,Left Foot,
15,Mohamed Salah,Liverpool,0.07,,Off Target,12.0,Right Foot,
17,Virgil van Dijk,Liverpool,0.07,,Off Target,9.0,Head,
23,Sadio Mané,Liverpool,0.26,0.52,Goal,10.0,Head,
28,Mohamed Salah,Liverpool,0.03,,Off Target,26.0,Left Foot,
29,Daniel Sturridge,Liverpool,0.03,,Off Target,29.0,Left Foot,
43,Jordan Henderson,Liverpool,0.07,,Off Target,15.0,Left Foot,
45,Mohamed Salah,Liverpool,0.28,0.23,Goal,17.0,Left Foot,
,,,,,,,,
49,Sadio Mané,Liverpool,0.28,,Off Target,16.0,Right Foot,
60,Naby Keïta,Liverpool,0.03,,Off Target,24.0,Right Foot,
62,Mohamed Salah,Liverpool,0.04,,Off Target,29.0,Left Foot,Volley
63,Daniel Sturridge,Liverpool,0.03,,Blocked,23.0,Left Foot,
66,Sadio Mané,Liverpool,0.07,0.16,Goal,8.0,Head,
74,Mohamed Salah,Liverpool,0.03,,Blocked,29.0,Left Foot,
76,Alex Oxlade-Chamberlain,Liverpool,0.54,0.91,Saved,10.0,Left Foot,
78,Sadio Mané,Liverpool,0.38,,Woodwork,4.0,Head,
80,Dejan Lovren,Liverpool,0.07,,Off Target,12.0,Right Foot,
83,Mohamed Salah,Liverpool,0.66,0.8,Goal,5.0,Right Foot,
90,Mohamed Salah,Liverpool,0.07,,Off Target,15.0,Left Foot,
90,Xherdan Shaqiri,Liverpool,0.03,,Off Target,26.0,Right Foot,
2,Mohamed Salah,Liverpool,0.08,,Blocked,16.0,Left Foot,
14,Sadio Mané,Liverpool,0.04,,Off Target,14.0,Head,
23,Sadio Mané,Liverpool,0.07,,Blocked,13.0,Right Foot,
35,Sadio Mané,Liverpool,0.41,,Off Target,14.0,Left Foot,
38,Mohamed Salah,Liverpool,0.06,,Blocked,18.0,Left Foot,
38,James Milner,Liverpool,0.03,,Off Target,30.0,Right Foot,
,,,,,,,,
47,James Milner,Liverpool,0.05,0.38,Saved,18.0,Right Foot,
53,Mohamed Salah,Liverpool,0.04,0.61,Saved,23.0,Left Foot,
59,James Milner,Liverpool,0.29,0.23,Saved,17.0,Right Foot,
67,Sadio Mané,Liverpool,0.06,,Off Target,14.0,Head,
68,Joe Gomez,Liverpool,0.03,,Off Target,28.0,Right Foot,
84,Roberto Firmino,Liverpool,0.07,,Blocked,9.0,Right Foot,
84,Mohamed Salah,Liverpool,0.49,,Woodwork,7.0,Right Foot,
84,Jordan Henderson,Liverpool,0.08,,Off Target,10.0,Head,
90,Jordan Henderson,Liverpool,0.05,,Off Target,14.0,Head,
11,Mohamed Salah,Liverpool,0.05,,Off Target,8.0,Left Foot,
13,Mohamed Salah,Liverpool,0.06,,Blocked,11.0,Right Foot,
13,Virgil van Dijk,Liverpool,0.13,0.07,Goal,7.0,Head,
28,Mohamed Salah,Liverpool,0.08,0.27,Goal,12.0,Right Foot,Volley
32,Sadio Mané,Liverpool,0.34,0.19,Saved,11.0,Right Foot,
34,Daniel Sturridge,Liverpool,0.03,,Off Target,23.0,Left Foot,
37,Andrew Robertson,Liverpool,0.04,,Off Target,18.0,Left Foot,
,,,,,,,,
48,Mohamed Salah,Liverpool,0.05,,Off Target,17.0,Right Foot,
50,Daniel Sturridge,Liverpool,0.07,,Off Target,16.0,Left Foot,
51,Jordan Henderson,Liverpool,0.11,,Off Target,12.0,Right Foot,Volley
86,Divock Origi,Liverpool,0.25,0.82,Goal,6.0,Head,Deflected
1,Xherdan Shaqiri,Liverpool,0.07,,Off Target,13.0,Left Foot,
7,Jordan Henderson,Liverpool,0.43,0.71,Saved,13.0,Left Foot,
7,Divock Origi,Liverpool,0.52,0.73,Goal,7.0,Right Foot,
22,Jordan Henderson,Liverpool,0.07,,Blocked,14.0,Right Foot,Deflected
23,Andrew Robertson,Liverpool,0.04,0.07,Saved,18.0,Left Foot,
43,Andrew Robertson,Liverpool,0.03,,Blocked,29.0,Left Foot,
44,Trent Alexander-Arnold,Liverpool,0.03,,Off Target,22.0,Right Foot,Volley
,,,,,,,,
51,Virgil van Dijk,Liverpool,0.58,0.72,Saved,5.0,Right Foot,
54,Georginio Wijnaldum,Liverpool,0.08,0.09,Goal,14.0,Right Foot,
56,Georginio Wijnaldum,Liverpool,0.07,0.39,Goal,11.0,Head,
76,Trent Alexander-Arnold,Liverpool,0.02,,Off Target,30.0,Right Foot,
79,Divock Origi,Liverpool,0.31,0.91,Goal,9.0,Right Foot,
86,Xherdan Shaqiri,Liverpool,0.26,,Off Target,9.0,Head,
4,Divock Origi,Liverpool,0.05,0.11,Saved,13.0,Right Foot,Volley
17,Sadio Mané,Liverpool,0.52,0.75,Goal,9.0,Right Foot,
20,Mohamed Salah,Liverpool,0.1,,Blocked,15.0,Left Foot,
24,Andrew Robertson,Liverpool,0.03,0.06,Saved,27.0,Left Foot,
34,Mohamed Salah,Liverpool,0.04,,Off Target,18.0,Left Foot,Volley
,,,,,,,,
48,Trent Alexander-Arnold,Liverpool,0.05,,Off Target,29.0,Right Foot,Free kick
63,Divock Origi,Liverpool,0.09,,Off Target,12.0,Right Foot,Volley
73,Mohamed Salah,Liverpool,0.08,,Blocked,13.0,Left Foot,
74,Georginio Wijnaldum,Liverpool,0.3,,Off Target,4.0,Right Foot,Volley
81,Mohamed Salah,Liverpool,0.05,,Blocked,20.0,Left Foot,Volley
81,Sadio Mané,Liverpool,0.2,0.22,Goal,13.0,Head,
83,Virgil van Dijk,Liverpool,0.04,,Woodwork,9.0,Head,
87,Mohamed Salah,Liverpool,0.03,0.51,Saved,23.0,Left Foot,
2,Mohamed Salah (pen),Liverpool,0.79,0.91,Goal,13.0,Left Foot,
17,Trent Alexander-Arnold,Liverpool,0.02,,Off Target,33.0,Right Foot,
21,Mohamed Salah,Liverpool,0.03,,Blocked,27.0,Left Foot,
22,Mohamed Salah,Liverpool,0.04,,Off Target,16.0,Left Foot,
38,Andrew Robertson,Liverpool,0.03,0.06,Saved,24.0,Left Foot,
39,Mohamed Salah,Liverpool,0.03,,Off Target,23.0,Right Foot,Volley
42,Jordan Henderson,Liverpool,0.03,,Blocked,32.0,Right Foot,
42,Mohamed Salah,Liverpool,0.02,,Blocked,28.0,Left Foot,Volley
,,,,,,,,
53,Fabinho,Liverpool,0.03,,Blocked,30.0,Right Foot,
54,Mohamed Salah,Liverpool,0.11,,Blocked,12.0,Left Foot,
69,James Milner,Liverpool,0.05,,Off Target,17.0,Left Foot,
83,Jordan Henderson,Liverpool,0.03,,Off Target,28.0,Right Foot,
87,Virgil van Dijk,Liverpool,0.05,,Blocked,15.0,Right Foot,Volley
87,Divock Origi,Liverpool,0.04,0.58,Goal,15.0,Left Foot,
