Date,Minute,Player,Squad,xG,PSxG,Outcome,Distance,Body Part,Notes
2018-08-12,17,Sadio Mané,Liverpool,0.04,,Blocked,16.0,Right Foot,
2018-08-12,18,Roberto Firmino,Liverpool,0.59,,Off Target,5.0,Right Foot,Volley
2018-08-12,19,Mohamed Salah,Liverpool,0.74,0.95,Goal,4.0,Right Foot,
2018-08-12,24,Trent Alexander-Arnold,Liverpool,0.06,0.57,Saved,31.0,Right Foot,Free kick
2018-08-12,25,Georginio Wijnaldum,Liverpool,0.09,,Off Target,12.0,Left Foot,
2018-08-12,27,Marko Arnautović,West Ham,0.08,,Blocked,11.0,Left Foot,
2018-08-12,27,Fabián Balbuena,West Ham,0.04,0.02,Saved,11.0,Head,
2018-08-12,30,Marko Arnautović,West Ham,0.1,,Off Target,16.0,Left Foot,
2018-08-12,36,Mohamed Salah,Liverpool,0.06,0.06,Saved,12.0,Head,
2018-08-12,37,Mohamed Salah,Liverpool,0.53,0.62,Saved,5.0,Right Foot,
2018-08-12,45,Sadio Mané,Liverpool,0.75,0.94,Goal,4.0,Right Foot,
2018-08-12,49,Michail Antonio,West Ham,0.43,,Off Target,4.0,Right Foot,Volley
2018-08-12,53,Sadio Mané,Liverpool,0.11,0.28,Goal,16.0,Right Foot,
2018-08-12,65,James Milner,Liverpool,0.08,,Blocked,23.0,Right Foot,Free kick
2018-08-12,65,Mohamed Salah,Liverpool,0.04,,Off Target,21.0,Left Foot,
2018-08-12,68,Sadio Mané,Liverpool,0.08,,Off Target,6.0,Head,
2018-08-12,70,Joe Gomez,Liverpool,0.15,,Off Target,10.0,Other,
2018-08-12,73,Georginio Wijnaldum,Liverpool,0.03,,Off Target,30.0,Right Foot,
2018-08-12,78,Naby Keïta,Liverpool,0.03,,Off Target,14.0,Left Foot,
2018-08-12,80,Georginio Wijnaldum,Liverpool,0.05,,Blocked,20.0,Right Foot,
2018-08-12,88,Daniel Sturridge,Liverpool,0.59,0.94,Goal,3.0,Left Foot,Volley
2018-08-12,90,Daniel Sturridge,Liverpool,0.05,0.1,Saved,15.0,Left Foot,
2018-08-12,90,Michail Antonio,West Ham,0.02,0.02,Saved,39.0,Right Foot,
2018-08-20,3,Mohamed Salah,Liverpool,0.05,,Blocked,14.0,Left Foot,
2018-08-20,23,Mohamed Salah,Liverpool,0.38,,Off Target,16.0,Left Foot,
2018-08-20,25,Andros Townsend,Crystal Palace,0.02,,Woodwork,28.0,Left Foot,
2018-08-20,25,Wilfried Zaha,Crystal Palace,0.05,,Blocked,16.0,Left Foot,Volley
2018-08-20,27,Mohamed Salah,Liverpool,0.07,,Blocked,21.0,Left Foot,
2018-08-20,27,Naby Keïta,Liverpool,0.26,0.31,Saved,10.0,Left Foot,
2018-08-20,30,Jeffrey Schlupp,Crystal Palace,0.02,,Off Target,31.0,Left Foot,
2018-08-20,35,Andrew Robertson,Liverpool,0.06,,Off Target,15.0,Left Foot,Volley
2018-08-20,44,James Milner,Liverpool,0.02,,Blocked,33.0,Right Foot,
2018-08-20,45,James Milner,Liverpool,0.79,0.99,Goal,13.0,Right Foot,
2018-08-20,49,Naby Keïta,Liverpool,0.07,,Off Target,17.0,Right Foot,
2018-08-20,53,Luka Milivojević,Crystal Palace,0.07,0.39,Saved,24.0,Right Foot,Free kick
2018-08-20,54,Patrick van Aanholt,Crystal Palace,0.05,,Off Target,18.0,Left Foot,
2018-08-20,60,Mohamed Salah,Liverpool,0.02,,Blocked,25.0,Left Foot,Volley
2018-08-20,61,Trent Alexander-Arnold,Liverpool,0.03,,Blocked,26.0,Right Foot,
2018-08-20,66,Christian Benteke,Crystal Palace,0.03,,Off Target,25.0,Right Foot,
2018-08-20,73,Wilfried Zaha,Crystal Palace,0.04,0.03,Saved,14.0,Right Foot,Deflected
2018-08-20,77,Mohamed Salah,Liverpool,0.16,,Blocked,21.0,Left Foot,Free kick
2018-08-20,78,Naby Keïta,Liverpool,0.01,0.06,Saved,31.0,Right Foot,
2018-08-20,81,Sadio Mané,Liverpool,0.07,0.17,Saved,14.0,Right Foot,
2018-08-20,84,Mohamed Salah,Liverpool,0.08,0.22,Saved,10.0,Head,
2018-08-20,85,Max Meyer,Crystal Palace,0.12,,Off Target,8.0,Right Foot,
2018-08-20,87,Roberto Firmino,Liverpool,0.03,,Off Target,21.0,Right Foot,
2018-08-20,90,Sadio Mané,Liverpool,0.51,0.73,Goal,11.0,Right Foot,
2018-08-25,5,Sadio Mané,Liverpool,0.06,,Off Target,16.0,Left Foot,
2018-08-25,6,Anthony Knockaert,Brighton,0.03,0.05,Saved,20.0,Left Foot,
2018-08-25,9,Roberto Firmino,Liverpool,0.35,0.51,Saved,4.0,Head,
2018-08-25,15,Trent Alexander-Arnold,Liverpool,0.11,,Woodwork,21.0,Right Foot,Free kick
2018-08-25,19,Mohamed Salah,Liverpool,0.04,0.06,Saved,12.0,Left Foot,
2018-08-25,23,Mohamed Salah,Liverpool,0.06,0.58,Goal,16.0,Left Foot,
2018-08-25,31,Georginio Wijnaldum,Liverpool,0.06,0.15,Saved,10.0,Right Foot,
2018-08-25,34,Sadio Mané,Liverpool,0.1,0.15,Saved,9.0,Head,
2018-08-25,44,Roberto Firmino,Liverpool,0.03,,Blocked,28.0,Right Foot,
2018-08-25,44,Roberto Firmino,Liverpool,0.03,,Off Target,23.0,Right Foot,
2018-08-25,46,Roberto Firmino,Liverpool,0.06,,Blocked,12.0,Right Foot,
2018-08-25,48,Anthony Knockaert,Brighton,0.13,,Off Target,10.0,Left Foot,
2018-08-25,58,Naby Keïta,Liverpool,0.03,,Off Target,29.0,Right Foot,
2018-08-25,58,Mohamed Salah,Liverpool,0.08,,Blocked,14.0,Left Foot,
2018-08-25,61,Joe Gomez,Liverpool,0.07,0.04,Saved,13.0,Head,
2018-08-25,62,Martín Montoya,Brighton,0.03,,Blocked,25.0,Right Foot,
2018-08-25,66,Yves Bissouma,Brighton,0.08,,Blocked,26.0,Right Foot,Free kick
2018-08-25,69,Roberto Firmino,Liverpool,0.05,0.07,Saved,13.0,Right Foot,
2018-08-25,72,Mohamed Salah,Liverpool,0.03,,Blocked,31.0,Left Foot,
2018-08-25,86,Daniel Sturridge,Liverpool,0.03,,Blocked,25.0,Left Foot,
2018-08-25,86,Trent Alexander-Arnold,Liverpool,0.06,,Blocked,17.0,Left Foot,
2018-08-25,87,Georginio Wijnaldum,Liverpool,0.19,,Blocked,4.0,Right Foot,Deflected
2018-08-25,87,Mohamed Salah,Liverpool,0.04,,Off Target,19.0,Left Foot,
2018-08-25,89,Pascal Groß,Brighton,0.28,0.54,Saved,8.0,Head,
2018-08-25,90,Shane Duffy,Brighton,0.04,,Off Target,11.0,Head,
2018-08-25,90,Georginio Wijnaldum,Liverpool,0.06,,Blocked,16.0,Right Foot,
2018-08-25,90,Daniel Sturridge,Liverpool,0.03,,Off Target,20.0,Left Foot,
2018-08-25,90,Mohamed Salah,Liverpool,0.07,,Off Target,18.0,Left Foot,
2018-09-01,4,Roberto Firmino,Liverpool,0.28,0.11,Saved,15.0,Right Foot,
2018-09-01,4,Mohamed Salah,Liverpool,0.34,,Off Target,12.0,Left Foot,
2018-09-01,10,Sadio Mané,Liverpool,0.1,0.12,Goal,12.0,Left Foot,
2018-09-01,16,Joe Gomez,Liverpool,0.06,,Off Target,11.0,Head,
2018-09-01,21,Georginio Wijnaldum,Liverpool,0.07,,Blocked,14.0,Left Foot,
2018-09-01,23,James Maddison,Leicester City,0.03,,Blocked,24.0,Left Foot,
2018-09-01,23,Demarai Gray,Leicester City,0.06,0.14,Saved,15.0,Right Foot,Deflected
2018-09-01,26,Demarai Gray,Leicester City,0.03,,Off Target,28.0,Right Foot,
2018-09-01,32,Marc Albrighton,Leicester City,0.03,,Off Target,29.0,Right Foot,
2018-09-01,33,James Maddison,Leicester City,0.02,,Off Target,29.0,Left Foot,
2018-09-01,39,Ben Chilwell,Leicester City,0.02,0.63,Saved,29.0,Left Foot,
2018-09-01,43,Mohamed Salah,Liverpool,0.03,0.25,Saved,27.0,Left Foot,
2018-09-01,45,Roberto Firmino,Liverpool,0.06,0.31,Goal,10.0,Head,
2018-09-01,50,James Maddison,Leicester City,0.03,0.18,Saved,26.0,Right Foot,
2018-09-01,52,James Maddison,Leicester City,0.16,,Blocked,11.0,Right Foot,
2018-09-01,53,Wilfred Ndidi,Leicester City,0.05,0.27,Saved,25.0,Left Foot,
2018-09-01,54,Mohamed Salah,Liverpool,0.03,,Blocked,25.0,Left Foot,
2018-09-01,56,James Maddison,Leicester City,0.06,,Blocked,30.0,Right Foot,Free kick
2018-09-01,63,Rachid Ghezzal,Leicester City,0.52,0.78,Goal,8.0,Left Foot,Volley
2018-09-01,82,Sadio Mané,Liverpool,0.15,,Off Target,8.0,Head,
2018-09-01,86,Trent Alexander-Arnold,Liverpool,0.03,,Off Target,29.0,Right Foot,
2018-09-01,88,Wilfred Ndidi,Leicester City,0.02,,Blocked,32.0,Right Foot,
2018-09-15,3,Virgil van Dijk,Liverpool,0.08,,Off Target,8.0,Head,
2018-09-15,6,Trent Alexander-Arnold,Liverpool,0.06,0.14,Saved,28.0,Right Foot,Free kick
2018-09-15,22,Mohamed Salah,Liverpool,0.27,0.55,Saved,12.0,Left Foot,
2018-09-15,29,Christian Eriksen,Tottenham,0.09,0.37,Saved,24.0,Right Foot,Free kick
2018-09-15,30,Eric Dier,Tottenham,0.03,,Blocked,29.0,Right Foot,
2018-09-15,35,Sadio Mané,Liverpool,0.09,0.51,Saved,11.0,Left Foot,
2018-09-15,36,Jan Vertonghen,Tottenham,0.01,,Off Target,52.0,Left Foot,
2018-09-15,39,Georginio Wijnaldum,Liverpool,0.08,0.43,Goal,8.0,Head,
2018-09-15,43,Georginio Wijnaldum,Liverpool,0.06,,Off Target,12.0,Right Foot,
2018-09-15,49,Naby Keïta,Liverpool,0.02,0.04,Saved,26.0,Right Foot,Volley
2018-09-15,49,Sadio Mané,Liverpool,0.08,0.13,Saved,15.0,Left Foot,
2018-09-15,50,Lucas Moura,Tottenham,0.08,,Woodwork,15.0,Right Foot,
2018-09-15,54,Roberto Firmino,Liverpool,0.98,0.97,Goal,1.0,Left Foot,
2018-09-15,60,Virgil van Dijk,Liverpool,0.08,,Off Target,11.0,Head,
2018-09-15,63,Naby Keïta,Liverpool,0.32,0.39,Saved,10.0,Left Foot,
2018-09-15,67,Christian Eriksen,Tottenham,0.04,,Off Target,15.0,Right Foot,
2018-09-15,67,Harry Kane,Tottenham,0.36,,Off Target,5.0,Right Foot,Volley
2018-09-15,75,Érik Lamela,Tottenham,0.06,,Blocked,28.0,Left Foot,Free kick
2018-09-15,81,Mohamed Salah,Liverpool,0.05,0.11,Saved,17.0,Left Foot,
2018-09-15,81,Sadio Mané,Liverpool,0.11,,Off Target,8.0,Left Foot,
2018-09-15,81,Sadio Mané,Liverpool,0.06,0.03,Saved,17.0,Left Foot,
2018-09-15,84,Mohamed Salah,Liverpool,0.12,,Blocked,13.0,Left Foot,
2018-09-15,84,Mohamed Salah,Liverpool,0.1,,Blocked,11.0,Left Foot,
2018-09-15,85,Érik Lamela,Tottenham,0.05,,Off Target,19.0,Left Foot,
2018-09-15,86,Harry Kane,Tottenham,0.18,0.4,Saved,4.0,Head,
2018-09-15,90,Sadio Mané,Liverpool,0.03,,Off Target,27.0,Left Foot,
2018-09-15,90,Danny Rose,Tottenham,0.08,,Blocked,11.0,Left Foot,
2018-09-15,90,Érik Lamela,Tottenham,0.05,0.35,Goal,10.0,Left Foot,Volley
2018-09-18,6,Virgil van Dijk,Liverpool,0.04,0.2,Saved,15.0,Right Foot,
2018-09-18,7,James Milner,Liverpool,0.04,0.46,Saved,25.0,Left Foot,
2018-09-18,10,Sadio Mané,Liverpool,0.04,0.03,Saved,24.0,Left Foot,
2018-09-18,15,Joe Gomez,Liverpool,0.07,,Off Target,9.0,Head,
2018-09-18,17,Neymar,Paris S-G,0.04,0.04,Saved,16.0,Left Foot,
2018-09-18,17,Edinson Cavani,Paris S-G,0.12,0.03,Saved,9.0,Left Foot,Deflected
2018-09-18,24,Ángel Di María,Paris S-G,0.03,0.02,Saved,29.0,Left Foot,
2018-09-18,26,Sadio Mané,Liverpool,0.06,,Off Target,13.0,Left Foot,
2018-09-18,28,Adrien Rabiot,Paris S-G,0.03,,Off Target,31.0,Left Foot,Volley
2018-09-18,30,Daniel Sturridge,Liverpool,0.39,0.42,Goal,7.0,Head,
2018-09-18,32,Daniel Sturridge,Liverpool,0.19,,Blocked,4.0,Left Foot,
2018-09-18,34,Neymar,Paris S-G,0.06,,Blocked,29.0,Right Foot,Free kick
2018-09-18,34,Kylian Mbappé,Paris S-G,0.04,,Off Target,17.0,Right Foot,
2018-09-18,36,James Milner,Liverpool,0.79,1.0,Goal,13.0,Right Foot,
2018-09-18,40,Thomas Meunier,Paris S-G,0.06,0.38,Goal,15.0,Left Foot,Volley
2018-09-18,58,Georginio Wijnaldum,Liverpool,0.03,,Blocked,23.0,Right Foot,
2018-09-18,61,Daniel Sturridge,Liverpool,0.26,0.22,Saved,11.0,Head,
2018-09-18,65,Daniel Sturridge,Liverpool,0.03,,Off Target,22.0,Right Foot,
2018-09-18,68,Mohamed Salah,Liverpool,0.04,,Blocked,18.0,Left Foot,
2018-09-18,72,Mohamed Salah,Liverpool,0.04,,Off Target,15.0,Left Foot,
2018-09-18,82,Sadio Mané,Liverpool,0.17,,Off Target,5.0,Left Foot,
2018-09-18,83,Kylian Mbappé,Paris S-G,0.35,0.91,Goal,12.0,Right Foot,
2018-09-18,87,Trent Alexander-Arnold,Liverpool,0.07,,Blocked,23.0,Right Foot,Free kick
2018-09-18,88,Julian Draxler,Paris S-G,0.09,,Blocked,17.0,Left Foot,
2018-09-18,89,Trent Alexander-Arnold,Liverpool,0.03,,Blocked,22.0,Right Foot,
2018-09-18,90,Roberto Firmino,Liverpool,0.06,0.52,Goal,13.0,Right Foot,
2018-09-22,4,Roberto Firmino,Liverpool,0.08,,Off Target,9.0,Head,
2018-09-22,8,Shane Long,Southampton,0.08,,Blocked,9.0,Right Foot,
2018-09-22,9,Ryan Bertrand,Southampton,0.02,,Blocked,25.0,Left Foot,
2018-09-22,10,Xherdan Shaqiri,Liverpool,0.03,,Blocked,17.0,Right Foot,
2018-09-22,13,Jannik Vestergaard,Southampton,0.03,,Off Target,14.0,Head,
2018-09-22,21,Joël Matip,Liverpool,0.07,0.56,Goal,9.0,Head,
2018-09-22,28,Pierre Højbjerg,Southampton,0.04,,Blocked,18.0,Right Foot,
2018-09-22,31,Georginio Wijnaldum,Liverpool,0.04,,Off Target,25.0,Right Foot,
2018-09-22,34,Mario Lemina,Southampton,0.05,,Blocked,15.0,Left Foot,
2018-09-22,43,Pierre Højbjerg,Southampton,0.07,,Blocked,15.0,Left Foot,
2018-09-22,43,Mohamed Salah,Liverpool,0.23,,Off Target,4.0,Left Foot,
2018-09-22,45,Roberto Firmino,Liverpool,0.04,,Blocked,18.0,Right Foot,
2018-09-22,45,Sadio Mané,Liverpool,0.03,0.04,Saved,26.0,Right Foot,
2018-09-22,45,Xherdan Shaqiri,Liverpool,0.06,,Woodwork,30.0,Left Foot,Free kick
2018-09-22,45,Mohamed Salah,Liverpool,0.96,0.98,Goal,1.0,Left Foot,
2018-09-22,85,Andrew Robertson,Liverpool,0.04,,Off Target,16.0,Left Foot,Volley
2018-09-22,89,James Milner,Liverpool,0.07,,Blocked,15.0,Right Foot,
2018-09-22,89,James Milner,Liverpool,0.09,,Blocked,12.0,Left Foot,
2018-09-22,90,Charlie Austin,Southampton,0.04,0.19,Saved,15.0,Right Foot,
2018-09-29,5,Mohamed Salah,Liverpool,0.03,0.02,Saved,22.0,Left Foot,
2018-09-29,11,Mohamed Salah,Liverpool,0.06,,Off Target,22.0,Left Foot,
2018-09-29,15,Sadio Mané,Liverpool,0.04,,Off Target,23.0,Right Foot,
2018-09-29,18,Roberto Firmino,Liverpool,0.05,,Blocked,16.0,Right Foot,
2018-09-29,22,Willian,Chelsea,0.29,0.25,Saved,18.0,Left Foot,
2018-09-29,25,Eden Hazard,Chelsea,0.09,0.65,Goal,13.0,Left Foot,
2018-09-29,28,Olivier Giroud,Chelsea,0.06,,Off Target,12.0,Head,
2018-09-29,32,Mohamed Salah,Liverpool,0.45,,Blocked,8.0,Right Foot,
2018-09-29,44,Sadio Mané,Liverpool,0.07,,Off Target,15.0,Left Foot,Volley
2018-09-29,47,Olivier Giroud,Chelsea,0.13,,Off Target,4.0,Left Foot,
2018-09-29,48,Mateo Kovačić,Chelsea,0.07,,Blocked,15.0,Right Foot,
2018-09-29,58,Sadio Mané,Liverpool,0.07,0.2,Saved,11.0,Right Foot,
2018-09-29,59,Mohamed Salah,Liverpool,0.04,,Off Target,16.0,Left Foot,
2018-09-29,64,Eden Hazard,Chelsea,0.06,0.09,Saved,14.0,Right Foot,
2018-09-29,69,Álvaro Morata,Chelsea,0.05,,Blocked,18.0,Right Foot,
2018-09-29,69,Mateo Kovačić,Chelsea,0.04,0.05,Saved,22.0,Right Foot,
2018-09-29,70,Xherdan Shaqiri,Liverpool,0.3,,Off Target,11.0,Right Foot,
2018-09-29,72,Roberto Firmino,Liverpool,0.39,,Blocked,7.0,Head,
2018-09-29,78,Álvaro Morata,Chelsea,0.07,,Off Target,12.0,Head,
2018-09-29,84,Xherdan Shaqiri,Liverpool,0.06,0.17,Saved,30.0,Left Foot,Free kick
2018-09-29,85,Naby Keïta,Liverpool,0.03,,Off Target,24.0,Right Foot,
2018-09-29,89,Daniel Sturridge,Liverpool,0.03,0.58,Goal,27.0,Left Foot,
2018-09-29,90,Marcos Alonso,Chelsea,0.23,,Off Target,5.0,Head,
2018-10-03,11,Lorenzo Insigne,Napoli,0.05,,Off Target,17.0,Left Foot,
2018-10-03,16,Lorenzo Insigne,Napoli,0.05,,Off Target,32.0,Right Foot,
2018-10-03,26,Georginio Wijnaldum,Liverpool,0.03,,Off Target,26.0,Right Foot,
2018-10-03,33,Arkadiusz Milik,Napoli,0.06,0.08,Saved,14.0,Left Foot,Deflected
2018-10-03,38,Mohamed Salah,Liverpool,0.04,,Blocked,23.0,Left Foot,
2018-10-03,38,Trent Alexander-Arnold,Liverpool,0.03,,Off Target,26.0,Right Foot,
2018-10-03,50,Arkadiusz Milik,Napoli,0.03,0.07,Saved,32.0,Left Foot,
2018-10-03,51,Fabián Ruiz Peña,Napoli,0.02,0.03,Saved,23.0,Left Foot,
2018-10-03,56,Lorenzo Insigne,Napoli,0.16,,Blocked,5.0,Right Foot,
2018-10-03,59,Arkadiusz Milik,Napoli,0.06,,Off Target,20.0,Left Foot,
2018-10-03,60,Allan,Napoli,0.03,,Blocked,32.0,Right Foot,
2018-10-03,68,Mohamed Salah,Liverpool,0.03,,Off Target,22.0,Left Foot,
2018-10-03,72,Simone Verdi,Napoli,0.04,,Off Target,23.0,Right Foot,
2018-10-03,75,Kalidou Koulibaly,Napoli,0.03,,Off Target,29.0,Left Foot,
2018-10-03,82,Dries Mertens,Napoli,0.65,0.95,Saved,5.0,Right Foot,Volley
2018-10-03,82,Lorenzo Insigne,Napoli,0.42,,Off Target,8.0,Head,
2018-10-03,82,Piotr Zieliński,Napoli,0.03,,Off Target,31.0,Left Foot,
2018-10-03,90,Lorenzo Insigne,Napoli,0.59,0.91,Goal,6.0,Right Foot,
2018-10-07,4,Mohamed Salah,Liverpool,0.05,,Off Target,16.0,Left Foot,
2018-10-07,12,Dejan Lovren,Liverpool,0.08,,Off Target,9.0,Head,
2018-10-07,38,David Silva,Manchester City,0.08,,Blocked,6.0,Left Foot,
2018-10-07,50,Joe Gomez,Liverpool,0.04,,Blocked,21.0,Left Foot,
2018-10-07,58,Fernandinho,Manchester City,0.02,,Off Target,35.0,Right Foot,
2018-10-07,61,Riyad Mahrez,Manchester City,0.06,,Off Target,15.0,Left Foot,
2018-10-07,62,Riyad Mahrez,Manchester City,0.05,0.04,Saved,13.0,Right Foot,
2018-10-07,62,Mohamed Salah,Liverpool,0.05,0.09,Saved,16.0,Left Foot,
2018-10-07,65,Joe Gomez,Liverpool,0.03,,Off Target,26.0,Right Foot,Volley
2018-10-07,69,Mohamed Salah,Liverpool,0.04,,Off Target,18.0,Left Foot,
2018-10-07,75,Riyad Mahrez,Manchester City,0.05,0.18,Saved,14.0,Left Foot,
2018-10-07,79,Daniel Sturridge,Liverpool,0.07,0.37,Saved,11.0,Head,
2018-10-07,86,Riyad Mahrez,Manchester City,0.79,,Off Target,13.0,Left Foot,
2018-10-20,17,Xherdan Shaqiri,Liverpool,0.08,,Blocked,17.0,Left Foot,Volley
2018-10-20,24,Mohamed Salah,Liverpool,0.07,0.68,Goal,11.0,Right Foot,
2018-10-20,26,Xherdan Shaqiri,Liverpool,0.03,,Blocked,26.0,Left Foot,
2018-10-20,26,Andrew Robertson,Liverpool,0.03,,Blocked,25.0,Left Foot,
2018-10-20,27,Laurent Depoitre,Huddersfield,0.03,,Blocked,26.0,Right Foot,
2018-10-20,31,Jonathan Hogg,Huddersfield,0.03,,Woodwork,31.0,Right Foot,
2018-10-20,38,Philip Billing,Huddersfield,0.06,,Off Target,30.0,Left Foot,Free kick
2018-10-20,42,Alex Pritchard,Huddersfield,0.07,,Off Target,13.0,Right Foot,Volley
2018-10-20,47,Andrew Robertson,Liverpool,0.03,,Blocked,19.0,Left Foot,
2018-10-20,47,Daniel Sturridge,Liverpool,0.03,,Off Target,20.0,Right Foot,
2018-10-20,49,Daniel Sturridge,Liverpool,0.04,,Off Target,22.0,Left Foot,
2018-10-20,55,Laurent Depoitre,Huddersfield,0.07,0.27,Saved,10.0,Head,
2018-10-20,60,Mohamed Salah,Liverpool,0.03,,Blocked,27.0,Left Foot,
2018-10-20,64,Mohamed Salah,Liverpool,0.09,,Off Target,18.0,Left Foot,
2018-10-20,65,Erik Durm,Huddersfield,0.06,,Blocked,14.0,Left Foot,
2018-10-20,65,Philip Billing,Huddersfield,0.03,,Blocked,27.0,Left Foot,
2018-10-20,68,Laurent Depoitre,Huddersfield,0.07,,Blocked,10.0,Right Foot,
2018-10-20,77,Steve Mounié,Huddersfield,0.03,,Off Target,25.0,Right Foot,
2018-10-20,82,Steve Mounié,Huddersfield,0.12,,Off Target,11.0,Left Foot,
2018-10-20,85,Laurent Depoitre,Huddersfield,0.04,,Blocked,14.0,Right Foot,
2018-10-20,88,Mohamed Salah,Liverpool,0.15,0.08,Saved,5.0,Left Foot,
2018-10-20,89,Aaron Mooy,Huddersfield,0.03,,Blocked,27.0,Right Foot,
2018-10-20,89,Roberto Firmino,Liverpool,0.06,,Off Target,20.0,Left Foot,
2018-10-20,90,Mathias Jørgensen,Huddersfield,0.09,,Off Target,9.0,Right Foot,Volley
2018-10-24,5,Marko Gobeljić,Red Star,0.03,,Off Target,22.0,Left Foot,
2018-10-24,10,Roberto Firmino,Liverpool,0.05,,Blocked,14.0,Right Foot,
2018-10-24,11,Mohamed Salah,Liverpool,0.49,0.59,Saved,11.0,Right Foot,
2018-10-24,17,Srđan Babić,Red Star,0.4,,Off Target,8.0,Left Foot,Volley
2018-10-24,20,Roberto Firmino,Liverpool,0.14,0.11,Goal,12.0,Left Foot,Deflected
2018-10-24,25,Mohamed Salah,Liverpool,0.1,,Off Target,14.0,Left Foot,
2018-10-24,38,Xherdan Shaqiri,Liverpool,0.03,0.02,Saved,27.0,Left Foot,
2018-10-24,43,Andrew Robertson,Liverpool,0.05,,Off Target,16.0,Left Foot,
2018-10-24,45,Mohamed Salah,Liverpool,0.3,0.45,Goal,12.0,Right Foot,
2018-10-24,48,Fabinho,Liverpool,0.04,,Off Target,25.0,Right Foot,
2018-10-24,51,Mohamed Salah,Liverpool,0.79,0.94,Goal,13.0,Left Foot,
2018-10-24,54,Trent Alexander-Arnold,Liverpool,0.47,0.68,Saved,11.0,Left Foot,Volley
2018-10-24,56,Xherdan Shaqiri,Liverpool,0.05,,Blocked,31.0,Left Foot,Free kick
2018-10-24,63,Roberto Firmino,Liverpool,0.03,0.08,Saved,31.0,Right Foot,
2018-10-24,63,Richmond Boakye,Red Star,0.02,,Off Target,37.0,Right Foot,
2018-10-24,68,Virgil van Dijk,Liverpool,0.05,,Blocked,9.0,Head,
2018-10-24,76,Sadio Mané,Liverpool,0.79,0.99,Saved,13.0,Right Foot,
2018-10-24,76,Sadio Mané,Liverpool,0.66,,Off Target,5.0,Right Foot,
2018-10-24,80,Sadio Mané,Liverpool,0.5,0.93,Goal,10.0,Right Foot,
2018-10-24,81,Adam Lallana,Liverpool,0.53,0.75,Saved,17.0,Right Foot,
2018-10-24,90,Daniel Sturridge,Liverpool,0.03,,Saved off Target,32.0,Left Foot,
2018-10-24,90,Alberto Moreno,Liverpool,0.02,,Off Target,29.0,Left Foot,Volley
2018-10-24,90,Richmond Boakye,Red Star,0.05,,Off Target,12.0,Head,
2018-10-24,90,Sadio Mané,Liverpool,0.4,,Off Target,15.0,Left Foot,
2018-10-24,90,Daniel Sturridge,Liverpool,0.03,0.15,Saved,24.0,Left Foot,
2018-10-27,10,Sadio Mané,Liverpool,0.08,,Blocked,14.0,Left Foot,
2018-10-27,10,Georginio Wijnaldum,Liverpool,0.46,,Blocked,9.0,Right Foot,
2018-10-27,10,Mohamed Salah,Liverpool,0.46,0.74,Goal,5.0,Left Foot,Deflected
2018-10-27,13,Virgil van Dijk,Liverpool,0.1,,Woodwork,7.0,Head,
2018-10-27,15,Trent Alexander-Arnold,Liverpool,0.01,,Blocked,51.0,Right Foot,
2018-10-27,18,Mohamed Salah,Liverpool,0.06,,Blocked,21.0,Left Foot,
2018-10-27,25,Trent Alexander-Arnold,Liverpool,0.04,,Off Target,22.0,Left Foot,
2018-10-27,30,Alberto Moreno,Liverpool,0.03,,Off Target,29.0,Left Foot,
2018-10-27,35,Adam Lallana,Liverpool,0.03,,Blocked,32.0,Left Foot,
2018-10-27,41,Virgil van Dijk,Liverpool,0.09,,Off Target,9.0,Right Foot,Volley
2018-10-27,42,Roberto Firmino,Liverpool,0.03,,Off Target,26.0,Right Foot,
2018-10-27,45,Adam Lallana,Liverpool,0.06,,Blocked,9.0,Head,
2018-10-27,66,Sadio Mané,Liverpool,0.08,0.53,Goal,13.0,Left Foot,
2018-10-27,77,Callum Paterson,Cardiff City,0.78,0.94,Goal,4.0,Left Foot,
2018-10-27,79,James Milner,Liverpool,0.04,,Blocked,20.0,Right Foot,
2018-10-27,79,Trent Alexander-Arnold,Liverpool,0.03,0.04,Saved,28.0,Right Foot,Deflected
2018-10-27,82,Mohamed Salah,Liverpool,0.06,0.7,Saved,28.0,Right Foot,
2018-10-27,84,Xherdan Shaqiri,Liverpool,0.53,0.95,Goal,11.0,Left Foot,
2018-10-27,87,Sadio Mané,Liverpool,0.54,0.71,Goal,15.0,Right Foot,
2018-10-27,90,Mohamed Salah,Liverpool,0.01,,Off Target,62.0,Left Foot,
2018-10-27,90,Junior Hoilett,Cardiff City,0.03,,Off Target,22.0,Left Foot,
2018-11-03,4,Alexandre Lacazette,Arsenal,0.53,0.79,Saved,4.0,Right Foot,
2018-11-03,9,Georginio Wijnaldum,Liverpool,0.06,,Off Target,17.0,Right Foot,
2018-11-03,13,Roberto Firmino,Liverpool,0.03,,Blocked,30.0,Left Foot,
2018-11-03,14,Pierre-Emerick Aubameyang,Arsenal,0.08,,Blocked,16.0,Left Foot,
2018-11-03,14,Granit Xhaka,Arsenal,0.04,0.13,Saved,17.0,Left Foot,
2018-11-03,16,Henrikh Mkhitaryan,Arsenal,0.23,,Off Target,11.0,Head,
2018-11-03,18,Roberto Firmino,Liverpool,0.33,,Woodwork,13.0,Right Foot,
2018-11-03,23,Virgil van Dijk,Liverpool,0.48,0.36,Saved,9.0,Right Foot,Volley
2018-11-03,24,Mohamed Salah,Liverpool,0.03,,Blocked,22.0,Left Foot,
2018-11-03,24,Andrew Robertson,Liverpool,0.04,0.06,Saved,17.0,Left Foot,
2018-11-03,25,Héctor Bellerín,Arsenal,0.03,,Off Target,27.0,Right Foot,
2018-11-03,31,Pierre-Emerick Aubameyang,Arsenal,0.06,,Blocked,22.0,Right Foot,
2018-11-03,32,Alexandre Lacazette,Arsenal,0.04,,Blocked,15.0,Right Foot,
2018-11-03,39,Alexandre Lacazette,Arsenal,0.08,,Off Target,12.0,Right Foot,
2018-11-03,39,Pierre-Emerick Aubameyang,Arsenal,0.1,,Off Target,8.0,Head,
2018-11-03,45,Virgil van Dijk,Liverpool,0.05,,Woodwork,15.0,Head,
2018-11-03,50,Mohamed Salah,Liverpool,0.05,,Blocked,18.0,Left Foot,
2018-11-03,61,James Milner,Liverpool,0.06,0.16,Goal,17.0,Right Foot,
2018-11-03,63,Lucas Torreira,Arsenal,0.05,0.04,Saved,20.0,Right Foot,
2018-11-03,69,Roberto Firmino,Liverpool,0.05,,Off Target,11.0,Head,
2018-11-03,74,Virgil van Dijk,Liverpool,0.05,0.05,Saved,11.0,Head,
2018-11-03,82,Alexandre Lacazette,Arsenal,0.07,0.67,Goal,14.0,Right Foot,
2018-11-03,83,Sadio Mané,Liverpool,0.06,,Blocked,22.0,Right Foot,
2018-11-03,84,Mohamed Salah,Liverpool,0.02,,Off Target,24.0,Left Foot,
2018-11-03,88,Héctor Bellerín,Arsenal,0.08,,Off Target,17.0,Left Foot,
2018-11-06,3,Nenad Krstičić,Red Star,0.03,,Off Target,21.0,Left Foot,
2018-11-06,8,James Milner,Liverpool,0.06,,Off Target,19.0,Right Foot,Volley
2018-11-06,9,Marko Marin,Red Star,0.05,0.13,Saved,15.0,Right Foot,
2018-11-06,12,Trent Alexander-Arnold,Liverpool,0.04,,Off Target,18.0,Right Foot,Volley
2018-11-06,15,Dušan Jovančić,Red Star,0.04,,Blocked,10.0,Head,
2018-11-06,15,Vujadin Savić,Red Star,0.09,,Off Target,11.0,Right Foot,
2018-11-06,17,Andrew Robertson,Liverpool,0.12,,Off Target,8.0,Left Foot,
2018-11-06,17,Daniel Sturridge,Liverpool,0.55,,Off Target,7.0,Left Foot,
2018-11-06,20,Daniel Sturridge,Liverpool,0.07,,Blocked,13.0,Right Foot,
2018-11-06,21,Slavoljub Srnić,Red Star,0.02,,Blocked,31.0,Right Foot,
2018-11-06,21,Ben Nabouhane,Red Star,0.03,0.17,Saved,30.0,Left Foot,
2018-11-06,22,Milan Pavkov,Red Star,0.33,0.75,Goal,8.0,Head,
2018-11-06,24,Mohamed Salah,Liverpool,0.05,,Blocked,18.0,Left Foot,
2018-11-06,29,Milan Pavkov,Red Star,0.03,0.38,Goal,32.0,Right Foot,
2018-11-06,30,Mohamed Salah,Liverpool,0.03,,Off Target,20.0,Left Foot,Volley
2018-11-06,32,Georginio Wijnaldum,Liverpool,0.05,,Blocked,11.0,Head,
2018-11-06,33,Adam Lallana,Liverpool,0.04,,Blocked,14.0,Head,
2018-11-06,35,Daniel Sturridge,Liverpool,0.07,,Off Target,18.0,Right Foot,
2018-11-06,46,Marko Marin,Red Star,0.06,,Blocked,15.0,Right Foot,
2018-11-06,48,Sadio Mané,Liverpool,0.34,,Blocked,4.0,Right Foot,
2018-11-06,49,Adam Lallana,Liverpool,0.07,,Blocked,15.0,Left Foot,
2018-11-06,71,Mohamed Salah,Liverpool,0.03,0.21,Saved,25.0,Left Foot,Deflected
2018-11-06,71,Mohamed Salah,Liverpool,0.05,,Woodwork,15.0,Left Foot,Volley
2018-11-06,74,Joël Matip,Liverpool,0.07,,Off Target,8.0,Head,
2018-11-06,75,Marko Gobeljić,Red Star,0.09,,Off Target,7.0,Right Foot,Volley
2018-11-06,79,Mohamed Salah,Liverpool,0.14,,Blocked,10.0,Left Foot,
2018-11-06,82,Joël Matip,Liverpool,0.11,,Off Target,7.0,Head,
2018-11-06,82,Mohamed Salah,Liverpool,0.11,0.03,Saved,4.0,Left Foot,
2018-11-06,85,Virgil van Dijk,Liverpool,0.08,,Off Target,7.0,Head,
2018-11-06,86,Mohamed Salah,Liverpool,0.04,,Blocked,18.0,Left Foot,
2018-11-06,87,Georginio Wijnaldum,Liverpool,0.04,,Blocked,26.0,Right Foot,
2018-11-06,90,Virgil van Dijk,Liverpool,0.04,0.04,Saved,15.0,Head,
2018-11-06,90,Mohamed Salah,Liverpool,0.06,0.14,Saved,17.0,Left Foot,
2018-11-11,4,Sadio Mané,Liverpool,0.05,,Off Target,15.0,Right Foot,
2018-11-11,13,Xherdan Shaqiri,Liverpool,0.02,,Off Target,28.0,Left Foot,
2018-11-11,16,Mohamed Salah,Liverpool,0.53,0.5,Saved,9.0,Right Foot,
2018-11-11,20,Trent Alexander-Arnold,Liverpool,0.05,,Off Target,13.0,Head,
2018-11-11,22,Mohamed Salah,Liverpool,0.06,0.08,Saved,11.0,Right Foot,
2018-11-11,24,Ryan Sessegnon,Fulham,0.22,,Off Target,18.0,Left Foot,
2018-11-11,25,Fabinho,Liverpool,0.03,,Blocked,32.0,Right Foot,
2018-11-11,28,Sadio Mané,Liverpool,0.04,,Off Target,20.0,Right Foot,
2018-11-11,29,André Schürrle,Fulham,0.03,0.15,Saved,23.0,Right Foot,
2018-11-11,30,Mohamed Salah,Liverpool,0.03,,Blocked,29.0,Left Foot,
2018-11-11,32,Xherdan Shaqiri,Liverpool,0.06,,Blocked,29.0,Left Foot,Free kick
2018-11-11,32,Trent Alexander-Arnold,Liverpool,0.02,,Blocked,31.0,Right Foot,Volley
2018-11-11,34,Ryan Sessegnon,Fulham,0.04,,Off Target,16.0,Left Foot,
2018-11-11,35,Xherdan Shaqiri,Liverpool,0.05,,Off Target,20.0,Left Foot,
2018-11-11,38,Denis Odoi,Fulham,0.01,,Off Target,59.0,Right Foot,
2018-11-11,41,Mohamed Salah,Liverpool,0.21,0.49,Goal,14.0,Left Foot,
2018-11-11,43,Aleksandar Mitrović,Fulham,0.11,0.3,Saved,13.0,Right Foot,
2018-11-11,45,Ryan Sessegnon,Fulham,0.03,0.16,Saved,32.0,Left Foot,
2018-11-11,53,Sadio Mané,Liverpool,0.03,0.11,Saved,28.0,Right Foot,
2018-11-11,53,Sadio Mané,Liverpool,0.08,,Off Target,8.0,Head,
2018-11-11,53,Xherdan Shaqiri,Liverpool,0.16,0.49,Goal,7.0,Left Foot,Volley
2018-11-11,59,Virgil van Dijk,Liverpool,0.06,,Blocked,30.0,Right Foot,Free kick
2018-11-11,62,André Schürrle,Fulham,0.03,,Blocked,26.0,Right Foot,
2018-11-11,62,Andrew Robertson,Liverpool,0.05,0.18,Saved,16.0,Left Foot,
2018-11-11,68,Trent Alexander-Arnold,Liverpool,0.14,,Blocked,21.0,Right Foot,Free kick
2018-11-11,81,Trent Alexander-Arnold,Liverpool,0.03,,Off Target,27.0,Right Foot,
2018-11-11,85,Aleksandar Mitrović,Fulham,0.03,,Off Target,27.0,Left Foot,
2018-11-11,90,Roberto Firmino,Liverpool,0.02,0.02,Saved,19.0,Right Foot,
2018-11-11,90,Mohamed Salah,Liverpool,0.05,,Blocked,14.0,Left Foot,
2018-11-24,39,Roberto Firmino,Liverpool,0.03,0.22,Saved,19.0,Right Foot,
2018-11-24,39,Roberto Pereyra,Watford,0.26,0.43,Saved,14.0,Left Foot,
2018-11-24,41,Sadio Mané,Liverpool,0.08,0.05,Saved,12.0,Right Foot,Volley
2018-11-24,42,Mohamed Salah,Liverpool,0.05,0.22,Saved,10.0,Head,
2018-11-24,53,Roberto Firmino,Liverpool,0.06,,Off Target,15.0,Right Foot,Volley
2018-11-24,60,Xherdan Shaqiri,Liverpool,0.03,,Off Target,27.0,Left Foot,
2018-11-24,67,Mohamed Salah,Liverpool,0.12,0.07,Goal,10.0,Left Foot,Volley
2018-11-24,73,Étienne Capoue,Watford,0.02,,Off Target,30.0,Right Foot,
2018-11-24,76,Trent Alexander-Arnold,Liverpool,0.06,0.42,Goal,32.0,Right Foot,Free kick
2018-11-24,79,Jordan Henderson,Liverpool,0.02,,Off Target,24.0,Right Foot,
2018-11-24,85,Isaac Success,Watford,0.05,,Off Target,11.0,Right Foot,
2018-11-24,86,Roberto Pereyra,Watford,0.03,,Off Target,29.0,Right Foot,
2018-11-24,89,Sadio Mané,Liverpool,0.41,0.47,Saved,14.0,Right Foot,
2018-11-24,89,Roberto Firmino,Liverpool,0.56,0.92,Goal,5.0,Head,
2018-11-24,90,Craig Cathcart,Watford,0.06,,Off Target,9.0,Head,
2018-11-28,3,Kylian Mbappé,Paris S-G,0.07,,Blocked,14.0,Right Foot,
2018-11-28,6,Ángel Di María,Paris S-G,0.03,0.45,Saved,25.0,Left Foot,
2018-11-28,12,Kylian Mbappé,Paris S-G,0.04,0.07,Saved,21.0,Right Foot,
2018-11-28,13,Juan Bernat,Paris S-G,0.08,0.22,Goal,12.0,Right Foot,Deflected
2018-11-28,22,Mohamed Salah,Liverpool,0.04,,Off Target,20.0,Left Foot,
2018-11-28,26,Georginio Wijnaldum,Liverpool,0.05,,Blocked,17.0,Right Foot,
2018-11-28,30,Roberto Firmino,Liverpool,0.12,,Off Target,5.0,Head,
2018-11-28,31,Neymar,Paris S-G,0.04,0.15,Saved,18.0,Right Foot,
2018-11-28,37,Edinson Cavani,Paris S-G,0.82,0.93,Saved,5.0,Right Foot,
2018-11-28,37,Neymar,Paris S-G,0.67,0.99,Goal,8.0,Left Foot,
2018-11-28,44,Mohamed Salah,Liverpool,0.12,,Off Target,10.0,Left Foot,
2018-11-28,45,James Milner,Liverpool,0.79,0.99,Goal,13.0,Right Foot,
2018-11-28,53,Neymar,Paris S-G,0.05,,Blocked,28.0,Right Foot,Free kick
2018-11-28,60,Mohamed Salah,Liverpool,0.06,,Blocked,16.0,Left Foot,
2018-11-28,60,Roberto Firmino,Liverpool,0.06,,Off Target,10.0,Head,
2018-11-28,61,Mohamed Salah,Liverpool,0.03,,Blocked,25.0,Left Foot,Volley
2018-11-28,70,Marquinhos,Paris S-G,0.07,0.09,Saved,10.0,Head,
2018-11-28,70,Kylian Mbappé,Paris S-G,0.05,,Off Target,12.0,Left Foot,
2018-11-28,84,Kylian Mbappé,Paris S-G,0.12,,Off Target,12.0,Left Foot,
2018-11-28,90,Neymar,Paris S-G,0.05,0.31,Saved,31.0,Right Foot,Free kick
2018-12-02,4,Yerry Mina,Everton,0.11,,Off Target,10.0,Head,
2018-12-02,12,Sadio Mané,Liverpool,0.38,,Off Target,13.0,Left Foot,Volley
2018-12-02,13,Sadio Mané,Liverpool,0.05,,Blocked,14.0,Left Foot,
2018-12-02,19,Roberto Firmino,Liverpool,0.07,,Off Target,16.0,Left Foot,
2018-12-02,21,André Gomes,Everton,0.68,0.69,Saved,4.0,Head,
2018-12-02,21,Gylfi Sigurðsson,Everton,0.32,,Woodwork,1.0,Left Foot,
2018-12-02,26,Michael Keane,Everton,0.04,,Off Target,13.0,Head,
2018-12-02,29,Roberto Firmino,Liverpool,0.03,0.05,Saved,28.0,Right Foot,
2018-12-02,30,Richarlison,Everton,0.04,0.21,Saved,23.0,Right Foot,
2018-12-02,34,Xherdan Shaqiri,Liverpool,0.47,0.55,Saved,10.0,Right Foot,
2018-12-02,47,Theo Walcott,Everton,0.07,,Blocked,19.0,Left Foot,
2018-12-02,48,Mohamed Salah,Liverpool,0.03,,Off Target,27.0,Left Foot,
2018-12-02,53,Sadio Mané,Liverpool,0.29,,Off Target,13.0,Left Foot,
2018-12-02,57,Xherdan Shaqiri,Liverpool,0.04,,Blocked,24.0,Right Foot,
2018-12-02,59,Sadio Mané,Liverpool,0.04,,Off Target,23.0,Right Foot,
2018-12-02,65,Gylfi Sigurðsson,Everton,0.02,0.1,Saved,31.0,Left Foot,
2018-12-02,66,Bernard,Everton,0.03,,Off Target,21.0,Right Foot,
2018-12-02,78,Gylfi Sigurðsson,Everton,0.03,,Blocked,27.0,Right Foot,
2018-12-02,81,Roberto Firmino,Liverpool,0.07,,Off Target,15.0,Left Foot,
2018-12-02,87,Virgil van Dijk,Liverpool,0.08,,Off Target,9.0,Head,
2018-12-02,87,Divock Origi,Liverpool,0.48,,Woodwork,3.0,Right Foot,Volley
2018-12-02,87,Daniel Sturridge,Liverpool,0.03,,Blocked,20.0,Left Foot,Volley
2018-12-02,90,Naby Keïta,Liverpool,0.04,,Off Target,22.0,Right Foot,
2018-12-02,90,Virgil van Dijk,Liverpool,0.03,,Saved off Target,22.0,Right Foot,Volley
2018-12-02,90,Divock Origi,Liverpool,0.88,0.99,Goal,2.0,Head,
2018-12-05,12,Ashley Westwood,Burnley,0.05,,Off Target,19.0,Right Foot,
2018-12-05,29,Virgil van Dijk,Liverpool,0.05,0.07,Saved,12.0,Head,
2018-12-05,35,Naby Keïta,Liverpool,0.06,,Blocked,15.0,Right Foot,
2018-12-05,35,Chris Wood,Burnley,0.03,,Blocked,28.0,Right Foot,
2018-12-05,36,Phil Bardsley,Burnley,0.01,,Off Target,33.0,Right Foot,
2018-12-05,38,James Milner,Liverpool,0.08,,Blocked,15.0,Right Foot,
2018-12-05,39,Naby Keïta,Liverpool,0.06,0.08,Saved,15.0,Right Foot,Deflected
2018-12-05,47,Daniel Sturridge,Liverpool,0.03,0.19,Saved,26.0,Left Foot,
2018-12-05,49,Ashley Barnes,Burnley,0.03,0.05,Saved,22.0,Left Foot,
2018-12-05,52,Virgil van Dijk,Liverpool,0.09,,Blocked,8.0,Head,
2018-12-05,52,Naby Keïta,Liverpool,0.03,0.53,Saved,29.0,Left Foot,
2018-12-05,52,Virgil van Dijk,Liverpool,0.07,,Off Target,10.0,Head,
2018-12-05,54,James Tarkowski,Burnley,0.06,0.02,Saved,9.0,Head,
2018-12-05,54,Ashley Barnes,Burnley,0.47,0.4,Saved,5.0,Left Foot,
2018-12-05,54,Jack Cork,Burnley,0.36,0.77,Goal,5.0,Left Foot,
2018-12-05,58,Trent Alexander-Arnold,Liverpool,0.06,0.23,Saved,9.0,Right Foot,Volley
2018-12-05,62,James Milner,Liverpool,0.06,0.52,Goal,25.0,Right Foot,
2018-12-05,69,Roberto Firmino,Liverpool,0.84,0.96,Goal,2.0,Right Foot,
2018-12-05,80,Ashley Westwood,Burnley,0.03,0.09,Saved,29.0,Right Foot,
2018-12-05,82,Naby Keïta,Liverpool,0.03,0.05,Saved,25.0,Left Foot,
2018-12-05,82,Mohamed Salah,Liverpool,0.09,0.11,Saved,6.0,Right Foot,
2018-12-05,82,Naby Keïta,Liverpool,0.12,,Blocked,10.0,Right Foot,
2018-12-05,82,Jordan Henderson,Liverpool,0.03,,Off Target,23.0,Right Foot,
2018-12-05,82,Naby Keïta,Liverpool,0.17,,Blocked,8.0,Right Foot,
2018-12-05,86,Mohamed Salah,Liverpool,0.09,0.11,Saved,14.0,Right Foot,
2018-12-05,90,Ben Mee,Burnley,0.06,0.64,Saved,11.0,Head,
2018-12-05,90,Xherdan Shaqiri,Liverpool,0.48,0.96,Goal,15.0,Left Foot,
2018-12-05,90,Phil Bardsley,Burnley,0.03,,Off Target,32.0,Right Foot,
2018-12-08,13,Xherdan Shaqiri,Liverpool,0.09,,Blocked,26.0,Left Foot,Free kick
2018-12-08,14,Mohamed Salah,Liverpool,0.09,,Off Target,8.0,Right Foot,
2018-12-08,19,Fabinho,Liverpool,0.03,,Off Target,29.0,Right Foot,
2018-12-08,20,Naby Keïta,Liverpool,0.05,,Blocked,16.0,Left Foot,Volley
2018-12-08,21,Joshua King,Bournemouth,0.06,,Off Target,17.0,Right Foot,
2018-12-08,23,David Brooks,Bournemouth,0.06,0.17,Saved,11.0,Left Foot,
2018-12-08,23,Andrew Surman,Bournemouth,0.02,,Off Target,26.0,Left Foot,
2018-12-08,25,Roberto Firmino,Liverpool,0.03,0.04,Saved,31.0,Left Foot,Volley
2018-12-08,25,Mohamed Salah,Liverpool,0.37,0.44,Goal,11.0,Left Foot,
2018-12-08,34,Junior Stanislas,Bournemouth,0.02,,Blocked,23.0,Right Foot,
2018-12-08,48,Mohamed Salah,Liverpool,0.13,0.73,Goal,15.0,Left Foot,Deflected
2018-12-08,57,Jefferson Lerma,Bournemouth,0.03,,Blocked,24.0,Right Foot,Volley
2018-12-08,71,Junior Stanislas,Bournemouth,0.06,0.31,Saved,31.0,Right Foot,Free kick
2018-12-08,74,Charlie Daniels,Bournemouth,0.02,,Blocked,22.0,Right Foot,
2018-12-08,77,Mohamed Salah,Liverpool,0.72,0.97,Goal,6.0,Left Foot,
2018-12-08,80,Charlie Daniels,Bournemouth,0.03,,Off Target,27.0,Left Foot,
2018-12-08,85,James Milner,Liverpool,0.03,,Off Target,27.0,Right Foot,
2018-12-08,86,Georginio Wijnaldum,Liverpool,0.05,,Off Target,11.0,Head,
2018-12-11,8,Marek Hamšík,Napoli,0.11,,Off Target,18.0,Right Foot,
2018-12-11,9,James Milner,Liverpool,0.06,,Off Target,9.0,Head,
2018-12-11,16,Roberto Firmino,Liverpool,0.03,,Blocked,28.0,Left Foot,
2018-12-11,18,Jordan Henderson,Liverpool,0.03,,Off Target,23.0,Left Foot,Volley
2018-12-11,26,Roberto Firmino,Liverpool,0.1,,Blocked,15.0,Left Foot,
2018-12-11,32,Jordan Henderson,Liverpool,0.03,,Off Target,25.0,Left Foot,
2018-12-11,34,Mohamed Salah,Liverpool,0.15,0.15,Goal,6.0,Right Foot,
2018-12-11,35,Fabián Ruiz Peña,Napoli,0.03,0.01,Saved,29.0,Left Foot,
2018-12-11,41,Trent Alexander-Arnold,Liverpool,0.03,,Off Target,22.0,Right Foot,
2018-12-11,45,Dries Mertens,Napoli,0.02,,Off Target,44.0,Right Foot,Volley
2018-12-11,48,Georginio Wijnaldum,Liverpool,0.08,,Off Target,14.0,Right Foot,Volley
2018-12-11,50,Mohamed Salah,Liverpool,0.09,,Off Target,11.0,Left Foot,
2018-12-11,56,Mohamed Salah,Liverpool,0.04,,Blocked,25.0,Left Foot,
2018-12-11,57,Raúl Albiol,Napoli,0.05,0.02,Saved,12.0,Head,
2018-12-11,57,Roberto Firmino,Liverpool,0.03,0.02,Saved,18.0,Head,
2018-12-11,58,Virgil van Dijk,Liverpool,0.02,,Off Target,39.0,Right Foot,
2018-12-11,61,Jordan Henderson,Liverpool,0.03,0.37,Saved,30.0,Right Foot,Volley
2018-12-11,62,James Milner,Liverpool,0.05,,Off Target,17.0,Right Foot,
2018-12-11,69,Trent Alexander-Arnold,Liverpool,0.03,,Blocked,29.0,Right Foot,
2018-12-11,73,Piotr Zieliński,Napoli,0.07,,Off Target,12.0,Left Foot,
2018-12-11,74,Mohamed Salah,Liverpool,0.08,0.34,Saved,16.0,Right Foot,
2018-12-11,77,Sadio Mané,Liverpool,0.57,0.55,Saved,10.0,Left Foot,
2018-12-11,78,Virgil van Dijk,Liverpool,0.37,,Off Target,8.0,Right Foot,Volley
2018-12-11,79,José Callejón,Napoli,0.45,,Off Target,6.0,Right Foot,
2018-12-11,82,Georginio Wijnaldum,Liverpool,0.07,,Off Target,10.0,Head,
2018-12-11,83,Georginio Wijnaldum,Liverpool,0.07,,Blocked,15.0,Left Foot,
2018-12-11,85,Georginio Wijnaldum,Liverpool,0.06,,Off Target,16.0,Right Foot,
2018-12-11,87,Sadio Mané,Liverpool,0.5,,Off Target,9.0,Left Foot,
2018-12-11,89,Lorenzo Insigne,Napoli,0.05,,Off Target,17.0,Left Foot,Volley
2018-12-11,90,Arkadiusz Milik,Napoli,0.39,0.19,Saved,11.0,Right Foot,
2018-12-11,90,Sadio Mané,Liverpool,0.65,,Off Target,13.0,Right Foot,
2018-12-16,2,Roberto Firmino,Liverpool,0.04,,Blocked,17.0,Right Foot,
2018-12-16,6,Roberto Firmino,Liverpool,0.1,,Off Target,8.0,Head,
2018-12-16,7,Roberto Firmino,Liverpool,0.03,0.21,Saved,28.0,Left Foot,
2018-12-16,7,Marcus Rashford,Manchester Utd,0.02,0.02,Saved,33.0,Right Foot,
2018-12-16,9,Fabinho,Liverpool,0.03,0.29,Saved,25.0,Right Foot,
2018-12-16,10,Roberto Firmino,Liverpool,0.17,,Blocked,8.0,Left Foot,"Deflected, Volley"
2018-12-16,10,Andrew Robertson,Liverpool,0.02,,Off Target,20.0,Left Foot,
2018-12-16,10,Virgil van Dijk,Liverpool,0.06,,Blocked,13.0,Right Foot,
2018-12-16,11,Mohamed Salah,Liverpool,0.03,,Blocked,23.0,Left Foot,
2018-12-16,12,Fabinho,Liverpool,0.03,,Off Target,30.0,Right Foot,
2018-12-16,14,Roberto Firmino,Liverpool,0.03,,Off Target,28.0,Left Foot,
2018-12-16,24,Sadio Mané,Liverpool,0.5,0.82,Goal,9.0,Left Foot,Volley
2018-12-16,27,Dejan Lovren,Liverpool,0.35,,Off Target,7.0,Right Foot,
2018-12-16,27,Roberto Firmino,Liverpool,0.05,,Blocked,14.0,Left Foot,
2018-12-16,33,Jesse Lingard,Manchester Utd,0.57,0.75,Goal,7.0,Right Foot,
2018-12-16,37,Sadio Mané,Liverpool,0.04,0.14,Saved,22.0,Left Foot,
2018-12-16,42,Ander Herrera,Manchester Utd,0.03,,Off Target,26.0,Right Foot,
2018-12-16,45,Fabinho,Liverpool,0.03,,Blocked,30.0,Right Foot,
2018-12-16,48,Mohamed Salah,Liverpool,0.05,,Blocked,21.0,Left Foot,
2018-12-16,51,Fabinho,Liverpool,0.09,,Blocked,8.0,Head,
2018-12-16,52,Roberto Firmino,Liverpool,0.1,0.19,Saved,14.0,Right Foot,
2018-12-16,52,Naby Keïta,Liverpool,0.09,,Blocked,6.0,Right Foot,
2018-12-16,56,Nathaniel Clyne,Liverpool,0.02,,Blocked,34.0,Right Foot,
2018-12-16,57,Nathaniel Clyne,Liverpool,0.01,,Off Target,31.0,Right Foot,
2018-12-16,59,Dejan Lovren,Liverpool,0.02,,Off Target,30.0,Right Foot,
2018-12-16,61,Virgil van Dijk,Liverpool,0.02,,Blocked,29.0,Right Foot,
2018-12-16,61,Roberto Firmino,Liverpool,0.06,,Blocked,14.0,Right Foot,
2018-12-16,62,Dejan Lovren,Liverpool,0.13,,Blocked,4.0,Head,
2018-12-16,63,Virgil van Dijk,Liverpool,0.07,,Blocked,16.0,Left Foot,
2018-12-16,69,Sadio Mané,Liverpool,0.03,,Blocked,22.0,Left Foot,
2018-12-16,69,Georginio Wijnaldum,Liverpool,0.03,0.04,Saved,24.0,Right Foot,
2018-12-16,71,Fabinho,Liverpool,0.02,0.04,Saved,33.0,Right Foot,
2018-12-16,73,Xherdan Shaqiri,Liverpool,0.06,0.4,Goal,14.0,Right Foot,Deflected
2018-12-16,75,Georginio Wijnaldum,Liverpool,0.05,,Off Target,24.0,Left Foot,
2018-12-16,75,Jesse Lingard,Manchester Utd,0.05,,Off Target,21.0,Right Foot,
2018-12-16,80,Xherdan Shaqiri,Liverpool,0.04,0.16,Goal,22.0,Left Foot,Deflected
2018-12-16,83,Georginio Wijnaldum,Liverpool,0.04,0.02,Saved,22.0,Right Foot,
2018-12-16,84,Marouane Fellaini,Manchester Utd,0.03,,Off Target,19.0,Right Foot,
2018-12-16,90,Jordan Henderson,Liverpool,0.06,,Off Target,17.0,Left Foot,
2018-12-16,90,Juan Mata,Manchester Utd,0.03,,Blocked,21.0,Right Foot,
2018-12-16,90,Roberto Firmino,Liverpool,0.04,,Off Target,17.0,Right Foot,
2018-12-16,90,Mohamed Salah,Liverpool,0.04,,Off Target,24.0,Left Foot,
2018-12-21,3,Roberto Firmino,Liverpool,0.07,,Blocked,20.0,Left Foot,
2018-12-21,4,Adama Traoré,Wolves,0.04,,Off Target,19.0,Right Foot,
2018-12-21,10,Adama Traoré,Wolves,0.04,,Off Target,19.0,Right Foot,
2018-12-21,12,Roberto Firmino,Liverpool,0.03,,Blocked,24.0,Right Foot,
2018-12-21,13,Virgil van Dijk,Liverpool,0.04,,Blocked,15.0,Right Foot,
2018-12-21,14,Romain Saïss,Wolves,0.05,0.02,Saved,15.0,Left Foot,Deflected
2018-12-21,18,Mohamed Salah,Liverpool,0.19,0.23,Goal,8.0,Left Foot,
2018-12-21,26,James Milner,Liverpool,0.03,0.07,Saved,23.0,Left Foot,
2018-12-21,27,Matt Doherty,Wolves,0.05,0.03,Saved,6.0,Head,
2018-12-21,37,Rúben Neves,Wolves,0.03,,Off Target,31.0,Right Foot,
2018-12-21,38,Jonny Castro,Wolves,0.05,0.33,Saved,16.0,Right Foot,
2018-12-21,42,Raúl Jiménez,Wolves,0.08,,Blocked,16.0,Right Foot,
2018-12-21,44,Matt Doherty,Wolves,0.04,0.19,Saved,19.0,Right Foot,
2018-12-21,48,Mohamed Salah,Liverpool,0.04,,Off Target,18.0,Left Foot,Volley
2018-12-21,52,Naby Keïta,Liverpool,0.03,,Blocked,26.0,Right Foot,
2018-12-21,53,Naby Keïta,Liverpool,0.03,,Blocked,25.0,Right Foot,
2018-12-21,55,James Milner,Liverpool,0.05,,Off Target,24.0,Left Foot,
2018-12-21,67,Adam Lallana,Liverpool,0.09,0.11,Saved,11.0,Left Foot,Deflected
2018-12-21,68,Virgil van Dijk,Liverpool,0.18,0.51,Goal,8.0,Left Foot,Volley
2018-12-21,72,Romain Saïss,Wolves,0.09,0.04,Saved,12.0,Left Foot,
2018-12-21,78,Rúben Neves,Wolves,0.03,,Blocked,27.0,Right Foot,
2018-12-21,84,Mohamed Salah,Liverpool,0.34,0.42,Saved,7.0,Left Foot,
2018-12-21,85,Sadio Mané,Liverpool,0.07,,Off Target,10.0,Head,
2018-12-21,89,Morgan Gibbs-White,Wolves,0.39,,Off Target,7.0,Right Foot,
2018-12-21,90,Mohamed Salah,Liverpool,0.49,0.48,Saved,6.0,Left Foot,
2018-12-21,90,Georginio Wijnaldum,Liverpool,0.28,,Off Target,15.0,Right Foot,
2018-12-26,8,Joselu,Newcastle Utd,0.2,,Off Target,9.0,Head,
2018-12-26,10,Xherdan Shaqiri,Liverpool,0.4,,Off Target,10.0,Left Foot,
2018-12-26,11,Xherdan Shaqiri,Liverpool,0.05,,Blocked,16.0,Left Foot,
2018-12-26,11,Dejan Lovren,Liverpool,0.05,0.28,Goal,15.0,Right Foot,Volley
2018-12-26,19,Yoshinori Mutō,Newcastle Utd,0.05,0.1,Saved,15.0,Head,
2018-12-26,22,Xherdan Shaqiri,Liverpool,0.02,,Off Target,30.0,Left Foot,Volley
2018-12-26,23,Matt Ritchie,Newcastle Utd,0.03,,Off Target,27.0,Right Foot,
2018-12-26,41,Virgil van Dijk,Liverpool,0.15,0.09,Saved,6.0,Head,
2018-12-26,42,Jordan Henderson,Liverpool,0.03,,Off Target,29.0,Right Foot,
2018-12-26,44,Xherdan Shaqiri,Liverpool,0.06,0.2,Saved,28.0,Left Foot,"Free kick, Deflected"
2018-12-26,48,Mohamed Salah,Liverpool,0.79,0.99,Goal,13.0,Left Foot,
2018-12-26,54,Joselu,Newcastle Utd,0.06,,Off Target,9.0,Head,
2018-12-26,65,Sadio Mané,Liverpool,0.1,,Blocked,12.0,Right Foot,Volley
2018-12-26,67,Roberto Firmino,Liverpool,0.06,0.16,Saved,9.0,Right Foot,
2018-12-26,74,Isaac Hayden,Newcastle Utd,0.09,,Off Target,8.0,Right Foot,Volley
2018-12-26,79,Sadio Mané,Liverpool,0.13,,Blocked,6.0,Right Foot,
2018-12-26,79,Xherdan Shaqiri,Liverpool,0.61,0.96,Goal,6.0,Left Foot,
2018-12-26,85,Fabinho,Liverpool,0.41,0.63,Goal,3.0,Head,
2018-12-26,88,Sadio Mané,Liverpool,0.08,,Off Target,18.0,Right Foot,
2018-12-26,90,Daniel Sturridge,Liverpool,0.05,,Blocked,7.0,Head,
2018-12-26,90,Sean Longstaff,Newcastle Utd,0.06,0.04,Saved,23.0,Right Foot,
2018-12-26,90,Nathaniel Clyne,Liverpool,0.04,0.02,Saved,19.0,Right Foot,Deflected
2018-12-29,6,Roberto Firmino,Liverpool,0.04,,Blocked,17.0,Left Foot,
2018-12-29,6,Mohamed Salah,Liverpool,0.15,,Off Target,5.0,Left Foot,
2018-12-29,10,Alex Iwobi,Arsenal,0.05,0.27,Saved,15.0,Left Foot,
2018-12-29,11,Ainsley Maitland-Niles,Arsenal,0.7,0.92,Goal,4.0,Right Foot,
2018-12-29,14,Roberto Firmino,Liverpool,0.92,0.98,Goal,2.0,Right Foot,
2018-12-29,16,Roberto Firmino,Liverpool,0.37,0.86,Goal,15.0,Left Foot,
2018-12-29,23,Sadio Mané,Liverpool,0.06,0.03,Saved,17.0,Right Foot,
2018-12-29,32,Sadio Mané,Liverpool,0.46,0.8,Goal,8.0,Right Foot,
2018-12-29,42,Ainsley Maitland-Niles,Arsenal,0.03,,Off Target,27.0,Right Foot,
2018-12-29,43,Aaron Ramsey,Arsenal,0.05,,Off Target,16.0,Right Foot,Volley
2018-12-29,45,Mohamed Salah,Liverpool,0.79,0.86,Goal,13.0,Left Foot,
2018-12-29,54,Aaron Ramsey,Arsenal,0.07,,Blocked,12.0,Left Foot,
2018-12-29,55,Pierre-Emerick Aubameyang,Arsenal,0.04,,Off Target,13.0,Head,
2018-12-29,56,Roberto Firmino,Liverpool,0.03,0.02,Saved,24.0,Right Foot,
2018-12-29,60,Trent Alexander-Arnold,Liverpool,0.03,,Blocked,25.0,Right Foot,
2018-12-29,63,Fabinho,Liverpool,0.08,0.2,Saved,16.0,Right Foot,
2018-12-29,65,Roberto Firmino,Liverpool,0.79,0.99,Goal,13.0,Right Foot,
2018-12-29,71,Aaron Ramsey,Arsenal,0.03,,Blocked,27.0,Right Foot,
2018-12-29,74,Xherdan Shaqiri,Liverpool,0.03,0.07,Saved,28.0,Left Foot,
2018-12-29,80,Alexandre Lacazette,Arsenal,0.04,,Blocked,23.0,Right Foot,
2018-12-29,85,Jordan Henderson,Liverpool,0.02,,Off Target,34.0,Right Foot,Volley
2018-12-29,89,Jordan Henderson,Liverpool,0.05,,Off Target,23.0,Right Foot,
2018-12-29,90,Mohamed Salah,Liverpool,0.09,0.24,Saved,11.0,Left Foot,
2019-01-03,18,Sadio Mané,Liverpool,0.35,,Woodwork,15.0,Right Foot,
2019-01-03,20,Sadio Mané,Liverpool,0.09,0.09,Saved,11.0,Right Foot,
2019-01-03,28,David Silva,Manchester City,0.1,,Blocked,11.0,Right Foot,
2019-01-03,40,Sergio Agüero,Manchester City,0.05,0.15,Goal,7.0,Left Foot,
2019-01-03,53,Fernandinho,Manchester City,0.03,,Off Target,29.0,Right Foot,
2019-01-03,56,Trent Alexander-Arnold,Liverpool,0.04,,Off Target,18.0,Right Foot,
2019-01-03,59,Danilo,Manchester City,0.03,,Off Target,29.0,Left Foot,
2019-01-03,63,Roberto Firmino,Liverpool,0.06,0.27,Saved,13.0,Right Foot,
2019-01-03,64,Roberto Firmino,Liverpool,0.77,0.96,Goal,3.0,Head,
2019-01-03,72,Leroy Sané,Manchester City,0.06,0.19,Goal,15.0,Left Foot,Deflected
2019-01-03,82,Sergio Agüero,Manchester City,0.38,0.47,Saved,12.0,Right Foot,
2019-01-03,84,Mohamed Salah,Liverpool,0.08,0.11,Saved,13.0,Left Foot,
2019-01-03,85,Georginio Wijnaldum,Liverpool,0.1,,Blocked,6.0,Right Foot,Volley
2019-01-03,90,Bernardo Silva,Manchester City,0.37,0.57,Saved,10.0,Left Foot,
2019-01-03,90,Raheem Sterling,Manchester City,0.06,,Off Target,16.0,Right Foot,
2019-01-03,90,Sergio Agüero,Manchester City,0.01,,Off Target,66.0,Right Foot,
2019-01-12,9,Roberto Firmino,Liverpool,0.4,,Off Target,8.0,Right Foot,
2019-01-12,14,Jürgen Locadia,Brighton,0.03,,Blocked,21.0,Left Foot,
2019-01-12,15,Glenn Murray,Brighton,0.05,,Off Target,11.0,Head,
2019-01-12,24,Fabinho,Liverpool,0.08,,Off Target,8.0,Head,
2019-01-12,27,Xherdan Shaqiri,Liverpool,0.08,,Off Target,9.0,Head,
2019-01-12,35,Jordan Henderson,Liverpool,0.05,,Blocked,13.0,Head,
2019-01-12,48,Mohamed Salah,Liverpool,0.04,0.05,Saved,16.0,Left Foot,
2019-01-12,50,Mohamed Salah,Liverpool,0.79,0.99,Goal,13.0,Left Foot,
2019-01-12,58,Pascal Groß,Brighton,0.07,,Blocked,14.0,Right Foot,
2019-01-12,61,Dale Stephens,Brighton,0.02,,Off Target,34.0,Right Foot,
2019-01-12,68,Jürgen Locadia,Brighton,0.02,,Saved off Target,34.0,Right Foot,
2019-01-12,75,Roberto Firmino,Liverpool,0.04,0.02,Saved,22.0,Right Foot,
2019-01-12,79,Florin Andone,Brighton,0.12,,Off Target,4.0,Right Foot,Volley
2019-01-12,80,Georginio Wijnaldum,Liverpool,0.03,,Off Target,21.0,Left Foot,
2019-01-12,87,Sadio Mané,Liverpool,0.06,,Blocked,16.0,Left Foot,
2019-01-12,88,Mohamed Salah,Liverpool,0.42,,Off Target,9.0,Left Foot,
2019-01-12,89,Florin Andone,Brighton,0.09,,Off Target,15.0,Left Foot,Volley
2019-01-19,8,Joël Matip,Liverpool,0.11,0.05,Saved,8.0,Right Foot,
2019-01-19,10,Fabinho,Liverpool,0.03,,Blocked,30.0,Right Foot,
2019-01-19,13,Roberto Firmino,Liverpool,0.03,,Off Target,24.0,Right Foot,
2019-01-19,22,Sadio Mané,Liverpool,0.08,0.07,Saved,8.0,Head,
2019-01-19,24,Jordan Ayew,Crystal Palace,0.05,,Off Target,11.0,Head,
2019-01-19,30,Joël Matip,Liverpool,0.08,,Off Target,9.0,Head,
2019-01-19,32,Virgil van Dijk,Liverpool,0.13,,Blocked,9.0,Head,
2019-01-19,34,Andros Townsend,Crystal Palace,0.12,0.33,Goal,12.0,Left Foot,
2019-01-19,36,James Milner,Liverpool,0.08,,Blocked,14.0,Left Foot,
2019-01-19,37,Virgil van Dijk,Liverpool,0.04,,Off Target,12.0,Head,
2019-01-19,44,Fabinho,Liverpool,0.03,,Off Target,28.0,Right Foot,
2019-01-19,44,Andrew Robertson,Liverpool,0.08,0.6,Saved,11.0,Left Foot,
2019-01-19,46,Virgil van Dijk,Liverpool,0.02,,Off Target,34.0,Right Foot,
2019-01-19,46,Mohamed Salah,Liverpool,0.5,0.94,Goal,9.0,Left Foot,Volley
2019-01-19,49,Andrew Robertson,Liverpool,0.03,,Off Target,28.0,Left Foot,
2019-01-19,53,Roberto Firmino,Liverpool,0.04,0.42,Goal,16.0,Right Foot,Deflected
2019-01-19,62,Jordan Ayew,Crystal Palace,0.13,,Blocked,13.0,Left Foot,
2019-01-19,65,Jordan Ayew,Crystal Palace,0.04,,Blocked,16.0,Right Foot,
2019-01-19,65,James Tomkins,Crystal Palace,0.1,0.4,Goal,8.0,Head,
2019-01-19,69,Sadio Mané,Liverpool,0.06,0.04,Saved,10.0,Right Foot,
2019-01-19,75,Mohamed Salah,Liverpool,0.97,0.96,Goal,1.0,Left Foot,Volley
2019-01-19,80,Jeffrey Schlupp,Crystal Palace,0.08,,Blocked,11.0,Left Foot,
2019-01-19,82,Sadio Mané,Liverpool,0.07,0.38,Saved,22.0,Right Foot,
2019-01-19,83,Jeffrey Schlupp,Crystal Palace,0.07,,Off Target,11.0,Head,
2019-01-19,90,Sadio Mané,Liverpool,0.15,,Off Target,14.0,Left Foot,
2019-01-19,90,Sadio Mané,Liverpool,0.05,0.18,Goal,12.0,Right Foot,
2019-01-19,90,Max Meyer,Crystal Palace,0.06,0.32,Goal,17.0,Left Foot,
2019-01-19,90,Patrick van Aanholt,Crystal Palace,0.03,,Off Target,25.0,Left Foot,
2019-01-30,3,Sadio Mané,Liverpool,0.05,0.64,Goal,15.0,Right Foot,Deflected
2019-01-30,6,Roberto Firmino,Liverpool,0.09,0.44,Saved,12.0,Right Foot,
2019-01-30,6,Sadio Mané,Liverpool,0.07,,Off Target,9.0,Head,
2019-01-30,25,James Maddison,Leicester City,0.41,,Off Target,6.0,Head,
2019-01-30,36,Mohamed Salah,Liverpool,0.06,,Blocked,19.0,Left Foot,
2019-01-30,45,Wilfred Ndidi,Leicester City,0.07,,Blocked,16.0,Right Foot,
2019-01-30,45,Harry Maguire,Leicester City,0.16,0.5,Goal,10.0,Right Foot,
2019-01-30,53,Wilfred Ndidi,Leicester City,0.42,,Off Target,6.0,Left Foot,
2019-01-30,73,Demarai Gray,Leicester City,0.08,0.08,Saved,19.0,Left Foot,
2019-01-30,74,Roberto Firmino,Liverpool,0.08,0.03,Saved,14.0,Right Foot,
2019-01-30,75,Joël Matip,Liverpool,0.06,,Off Target,10.0,Head,
2019-01-30,77,Andrew Robertson,Liverpool,0.03,,Off Target,25.0,Left Foot,Volley
2019-01-30,82,Mohamed Salah,Liverpool,0.06,,Blocked,27.0,Left Foot,Free kick
2019-01-30,87,Daniel Sturridge,Liverpool,0.04,,Off Target,27.0,Left Foot,
2019-01-30,90,Sadio Mané,Liverpool,0.04,,Off Target,10.0,Head,
2019-02-04,3,Javier Hernández,West Ham,0.07,,Off Target,14.0,Right Foot,
2019-02-04,9,Adam Lallana,Liverpool,0.04,,Off Target,17.0,Left Foot,
2019-02-04,10,Aaron Cresswell,West Ham,0.03,,Off Target,25.0,Left Foot,
2019-02-04,16,Javier Hernández,West Ham,0.03,0.32,Saved,24.0,Right Foot,
2019-02-04,20,Roberto Firmino,Liverpool,0.06,0.21,Saved,13.0,Left Foot,
2019-02-04,22,Sadio Mané,Liverpool,0.43,0.82,Goal,9.0,Left Foot,
2019-02-04,28,Michail Antonio,West Ham,0.05,0.56,Goal,14.0,Right Foot,
2019-02-04,30,Naby Keïta,Liverpool,0.03,,Blocked,28.0,Left Foot,
2019-02-04,36,Mark Noble,West Ham,0.03,,Blocked,23.0,Right Foot,
2019-02-04,38,Javier Hernández,West Ham,0.04,,Off Target,17.0,Right Foot,Volley
2019-02-04,42,Declan Rice,West Ham,0.07,,Off Target,12.0,Head,
2019-02-04,44,Sadio Mané,Liverpool,0.2,0.1,Saved,6.0,Head,
2019-02-04,47,Felipe Anderson,West Ham,0.02,,Blocked,27.0,Right Foot,
2019-02-04,48,Issa Diop,West Ham,0.12,,Off Target,7.0,Head,
2019-02-04,51,Mohamed Salah,Liverpool,0.06,0.02,Saved,22.0,Left Foot,
2019-02-04,55,Aaron Cresswell,West Ham,0.06,,Blocked,32.0,Left Foot,Free kick
2019-02-04,55,Aaron Cresswell,West Ham,0.02,,Off Target,28.0,Right Foot,
2019-02-04,61,Mohamed Salah,Liverpool,0.08,0.15,Saved,13.0,Left Foot,
2019-02-04,63,Mohamed Salah,Liverpool,0.04,,Off Target,18.0,Left Foot,
2019-02-04,64,Andrew Robertson,Liverpool,0.02,,Off Target,29.0,Left Foot,
2019-02-04,66,Javier Hernández,West Ham,0.18,,Blocked,10.0,Right Foot,
2019-02-04,73,Mark Noble,West Ham,0.07,,Off Target,15.0,Right Foot,
2019-02-04,81,Mohamed Salah,Liverpool,0.03,,Blocked,26.0,Left Foot,
2019-02-04,90,Divock Origi,Liverpool,0.12,0.03,Saved,11.0,Left Foot,
2019-02-09,2,Ryan Fraser,Bournemouth,0.04,0.03,Saved,17.0,Right Foot,
2019-02-09,2,Adam Smith,Bournemouth,0.03,,Blocked,17.0,Right Foot,
2019-02-09,10,Mohamed Salah,Liverpool,0.04,,Off Target,18.0,Left Foot,
2019-02-09,12,Roberto Firmino,Liverpool,0.11,0.23,Saved,6.0,Left Foot,
2019-02-09,13,Mohamed Salah,Liverpool,0.03,0.02,Saved,24.0,Left Foot,Deflected
2019-02-09,20,Ryan Fraser,Bournemouth,0.02,,Blocked,31.0,Right Foot,
2019-02-09,24,Sadio Mané,Liverpool,0.11,0.17,Goal,7.0,Head,
2019-02-09,28,James Milner,Liverpool,0.04,,Blocked,16.0,Right Foot,
2019-02-09,29,Mohamed Salah,Liverpool,0.04,,Off Target,12.0,Left Foot,Volley
2019-02-09,34,Georginio Wijnaldum,Liverpool,0.06,0.05,Goal,13.0,Right Foot,
2019-02-09,45,Mohamed Salah,Liverpool,0.04,0.13,Saved,21.0,Left Foot,Volley
2019-02-09,45,Georginio Wijnaldum,Liverpool,0.02,0.03,Saved,26.0,Left Foot,
2019-02-09,45,Jefferson Lerma,Bournemouth,0.03,,Off Target,27.0,Right Foot,Volley
2019-02-09,48,Mohamed Salah,Liverpool,0.26,0.88,Goal,14.0,Left Foot,
2019-02-09,51,Jordon Ibe,Bournemouth,0.04,,Blocked,18.0,Right Foot,
2019-02-09,55,Sadio Mané,Liverpool,0.03,,Blocked,20.0,Right Foot,
2019-02-09,56,Sadio Mané,Liverpool,0.31,,Off Target,6.0,Head,
2019-02-09,57,Diego Rico,Bournemouth,0.02,,Off Target,26.0,Left Foot,
2019-02-09,60,Mohamed Salah,Liverpool,0.03,,Blocked,23.0,Left Foot,
2019-02-09,67,Adam Smith,Bournemouth,0.04,,Blocked,18.0,Right Foot,
2019-02-09,74,Lys Mousset,Bournemouth,0.02,,Off Target,33.0,Right Foot,
2019-02-09,75,Andrew Surman,Bournemouth,0.05,,Off Target,21.0,Right Foot,
2019-02-09,76,Mohamed Salah,Liverpool,0.06,,Woodwork,12.0,Left Foot,
2019-02-09,78,Lys Mousset,Bournemouth,0.04,0.25,Saved,17.0,Right Foot,
2019-02-09,78,Nathan Aké,Bournemouth,0.05,,Blocked,11.0,Head,
2019-02-09,80,Roberto Firmino,Liverpool,0.08,,Blocked,15.0,Right Foot,
2019-02-09,80,Naby Keïta,Liverpool,0.08,,Off Target,12.0,Right Foot,
2019-02-09,82,James Milner,Liverpool,0.04,,Blocked,18.0,Right Foot,
2019-02-09,83,James Milner,Liverpool,0.04,,Off Target,28.0,Right Foot,
2019-02-09,87,Roberto Firmino,Liverpool,0.32,0.73,Saved,20.0,Right Foot,
2019-02-09,90,Trent Alexander-Arnold,Liverpool,0.27,0.12,Saved,13.0,Right Foot,
2019-02-09,90,Dominic Solanke,Bournemouth,0.04,,Off Target,30.0,Right Foot,
2019-02-19,12,Mohamed Salah,Liverpool,0.18,0.14,Saved,10.0,Left Foot,Volley
2019-02-19,13,Joshua Kimmich,Bayern Munich,0.05,,Blocked,15.0,Right Foot,
2019-02-19,16,Sadio Mané,Liverpool,0.06,,Off Target,15.0,Left Foot,
2019-02-19,16,Kingsley Coman,Bayern Munich,0.05,,Off Target,13.0,Left Foot,
2019-02-19,20,Naby Keïta,Liverpool,0.07,,Off Target,22.0,Right Foot,Volley
2019-02-19,24,Mohamed Salah,Liverpool,0.31,,Off Target,6.0,Head,
2019-02-19,33,Naby Keïta,Liverpool,0.05,,Blocked,21.0,Left Foot,
2019-02-19,33,Sadio Mané,Liverpool,0.44,,Off Target,10.0,Left Foot,
2019-02-19,36,Serge Gnabry,Bayern Munich,0.04,,Saved off Target,19.0,Right Foot,
2019-02-19,38,Sadio Mané,Liverpool,0.48,,Off Target,8.0,Right Foot,Volley
2019-02-19,38,Naby Keïta,Liverpool,0.04,,Blocked,24.0,Left Foot,
2019-02-19,39,Robert Lewandowski,Bayern Munich,0.11,,Off Target,9.0,Other,
2019-02-19,41,Joël Matip,Liverpool,0.13,,Off Target,10.0,Left Foot,
2019-02-19,45,Roberto Firmino,Liverpool,0.09,,Off Target,9.0,Right Foot,
2019-02-19,58,James Rodríguez,Bayern Munich,0.03,,Blocked,20.0,Left Foot,
2019-02-19,58,Javi Martínez,Bayern Munich,0.06,,Off Target,10.0,Head,
2019-02-19,59,Serge Gnabry,Bayern Munich,0.03,,Off Target,29.0,Left Foot,
2019-02-19,76,Serge Gnabry,Bayern Munich,0.03,,Off Target,21.0,Left Foot,
2019-02-19,79,James Rodríguez,Bayern Munich,0.03,,Off Target,24.0,Left Foot,
2019-02-19,81,Joël Matip,Liverpool,0.07,,Blocked,9.0,Head,
2019-02-19,81,Trent Alexander-Arnold,Liverpool,0.03,,Off Target,29.0,Right Foot,
2019-02-19,83,Joël Matip,Liverpool,0.03,,Off Target,21.0,Right Foot,
2019-02-19,85,Sadio Mané,Liverpool,0.06,0.17,Saved,9.0,Head,Deflected
2019-02-19,86,Joël Matip,Liverpool,0.11,,Off Target,8.0,Other,
2019-02-24,2,James Milner,Liverpool,0.04,,Blocked,16.0,Right Foot,
2019-02-24,7,Marcus Rashford,Manchester Utd,0.03,0.41,Saved,24.0,Right Foot,
2019-02-24,16,Mohamed Salah,Liverpool,0.14,,Off Target,22.0,Left Foot,Free kick
2019-02-24,33,Daniel Sturridge,Liverpool,0.02,0.47,Saved,34.0,Left Foot,
2019-02-24,37,Paul Pogba,Manchester Utd,0.03,,Blocked,25.0,Right Foot,
2019-02-24,44,Joël Matip,Liverpool,0.05,,Off Target,11.0,Head,
2019-02-24,45,Romelu Lukaku,Manchester Utd,0.12,0.06,Saved,6.0,Head,
2019-02-24,51,Paul Pogba,Manchester Utd,0.05,0.03,Saved,13.0,Head,
2019-02-24,55,Chris Smalling,Manchester Utd,0.04,,Blocked,12.0,Head,
2019-02-24,57,Marcus Rashford,Manchester Utd,0.07,,Off Target,13.0,Left Foot,
2019-02-24,66,Georginio Wijnaldum,Liverpool,0.03,,Off Target,23.0,Right Foot,
2019-02-24,70,Georginio Wijnaldum,Liverpool,0.06,,Blocked,10.0,Head,
2019-02-24,71,Joël Matip,Liverpool,0.13,,Off Target,6.0,Head,
2019-02-27,8,Fabinho,Liverpool,0.03,,Blocked,23.0,Right Foot,
2019-02-27,9,Sadio Mané,Liverpool,0.36,0.81,Goal,7.0,Head,
2019-02-27,12,Sadio Mané,Liverpool,0.1,,Off Target,7.0,Right Foot,Volley
2019-02-27,20,Sadio Mané,Liverpool,0.29,0.32,Goal,12.0,Right Foot,
2019-02-27,23,Mohamed Salah,Liverpool,0.03,,Off Target,22.0,Left Foot,
2019-02-27,28,Mohamed Salah,Liverpool,0.04,0.02,Saved,23.0,Left Foot,
2019-02-27,37,Mohamed Salah,Liverpool,0.05,0.14,Saved,12.0,Right Foot,
2019-02-27,37,James Milner,Liverpool,0.14,0.05,Saved,8.0,Left Foot,
2019-02-27,37,Fabinho,Liverpool,0.03,,Off Target,28.0,Right Foot,
2019-02-27,49,Mohamed Salah,Liverpool,0.04,,Blocked,17.0,Left Foot,
2019-02-27,49,Andrew Robertson,Liverpool,0.07,,Off Target,11.0,Left Foot,
2019-02-27,52,Daryl Janmaat,Watford,0.08,0.08,Saved,13.0,Right Foot,
2019-02-27,56,Craig Cathcart,Watford,0.06,,Blocked,15.0,Right Foot,
2019-02-27,57,Divock Origi,Liverpool,0.05,,Blocked,29.0,Right Foot,
2019-02-27,57,Divock Origi,Liverpool,0.05,,Blocked,27.0,Right Foot,
2019-02-27,61,Divock Origi,Liverpool,0.03,0.02,Saved,23.0,Right Foot,
2019-02-27,63,Sadio Mané,Liverpool,0.12,,Blocked,11.0,Right Foot,
2019-02-27,64,Georginio Wijnaldum,Liverpool,0.05,0.02,Saved,25.0,Left Foot,
2019-02-27,66,Divock Origi,Liverpool,0.05,0.32,Goal,15.0,Right Foot,
2019-02-27,69,Troy Deeney,Watford,0.03,,Off Target,28.0,Right Foot,
2019-02-27,74,Andre Gray,Watford,0.05,0.02,Saved,14.0,Right Foot,
2019-02-27,77,Andre Gray,Watford,0.12,0.03,Saved,12.0,Right Foot,
2019-02-27,79,Virgil van Dijk,Liverpool,0.31,0.62,Goal,6.0,Head,
2019-02-27,82,Virgil van Dijk,Liverpool,0.14,0.49,Goal,9.0,Head,
2019-03-03,15,Mohamed Salah,Liverpool,0.06,0.07,Saved,17.0,Left Foot,
2019-03-03,28,Mohamed Salah,Liverpool,0.53,0.71,Saved,9.0,Left Foot,
2019-03-03,28,Jordan Henderson,Liverpool,0.08,,Blocked,19.0,Left Foot,
2019-03-03,38,Theo Walcott,Everton,0.04,,Off Target,18.0,Right Foot,
2019-03-03,44,Virgil van Dijk,Liverpool,0.05,,Off Target,10.0,Head,
2019-03-03,52,Dominic Calvert-Lewin,Everton,0.06,0.17,Saved,11.0,Head,
2019-03-03,54,Trent Alexander-Arnold,Liverpool,0.05,0.12,Saved,31.0,Right Foot,Free kick
2019-03-03,55,Divock Origi,Liverpool,0.03,,Off Target,20.0,Right Foot,
2019-03-03,62,Morgan Schneiderlin,Everton,0.07,,Off Target,9.0,Head,
2019-03-03,67,Richarlison,Everton,0.04,0.02,Saved,14.0,Head,
2019-03-03,68,James Milner,Liverpool,0.03,,Blocked,26.0,Right Foot,
2019-03-03,70,James Milner,Liverpool,0.04,,Blocked,24.0,Right Foot,
2019-03-03,72,Richarlison,Everton,0.03,,Blocked,25.0,Left Foot,
2019-03-03,73,Dominic Calvert-Lewin,Everton,0.05,,Off Target,14.0,Head,
2019-03-03,76,Cenk Tosun,Everton,0.06,0.02,Saved,16.0,Right Foot,
2019-03-03,84,Joël Matip,Liverpool,0.14,,Off Target,7.0,Head,
2019-03-03,85,Roberto Firmino,Liverpool,0.15,,Blocked,9.0,Right Foot,
2019-03-10,6,Ashley Westwood,Burnley,,,Goal,33.0,Right Foot,
2019-03-10,14,Roberto Firmino,Liverpool,0.06,,Blocked,16.0,Right Foot,
2019-03-10,15,Fabinho,Liverpool,0.02,,Blocked,32.0,Right Foot,
2019-03-10,17,Sadio Mané,Liverpool,0.08,,Off Target,10.0,Head,
2019-03-10,19,Roberto Firmino,Liverpool,0.98,0.98,Goal,1.0,Left Foot,
2019-03-10,22,Trent Alexander-Arnold,Liverpool,0.03,,Off Target,27.0,Right Foot,
2019-03-10,24,Trent Alexander-Arnold,Liverpool,0.01,,Off Target,29.0,Right Foot,
2019-03-10,29,Sadio Mané,Liverpool,0.3,0.88,Goal,12.0,Right Foot,
2019-03-10,31,Mohamed Salah,Liverpool,0.06,,Off Target,15.0,Left Foot,
2019-03-10,34,Jeff Hendrick,Burnley,0.03,,Blocked,26.0,Right Foot,
2019-03-10,38,Trent Alexander-Arnold,Liverpool,0.06,,Off Target,26.0,Right Foot,Free kick
2019-03-10,51,Mohamed Salah,Liverpool,0.03,,Off Target,24.0,Left Foot,
2019-03-10,55,Mohamed Salah,Liverpool,0.02,,Blocked,25.0,Left Foot,Volley
2019-03-10,59,Adam Lallana,Liverpool,0.04,,Blocked,18.0,Right Foot,
2019-03-10,67,Georginio Wijnaldum,Liverpool,0.31,,Off Target,8.0,Head,
2019-03-10,67,Roberto Firmino,Liverpool,0.49,0.75,Goal,9.0,Right Foot,
2019-03-10,70,Virgil van Dijk,Liverpool,0.02,,Blocked,37.0,Right Foot,
2019-03-10,75,Sadio Mané,Liverpool,0.04,,Blocked,20.0,Right Foot,
2019-03-10,76,Mohamed Salah,Liverpool,0.01,,Blocked,31.0,Left Foot,
2019-03-10,78,Jordan Henderson,Liverpool,0.07,,Blocked,10.0,Right Foot,
2019-03-10,82,Sadio Mané,Liverpool,0.79,,Woodwork,3.0,Left Foot,
2019-03-10,85,Andrew Robertson,Liverpool,0.06,,Blocked,13.0,Left Foot,
2019-03-10,88,Mohamed Salah,Liverpool,0.08,0.37,Saved,14.0,Left Foot,
2019-03-10,89,Daniel Sturridge,Liverpool,0.02,,Blocked,30.0,Left Foot,
2019-03-10,90,Jóhann Berg Guðmundsson,Burnley,0.42,0.73,Goal,8.0,Left Foot,
2019-03-10,90,Sadio Mané,Liverpool,0.44,0.45,Goal,11.0,Left Foot,
2019-03-13,9,Thiago Alcántara,Bayern Munich,0.04,,Off Target,24.0,Right Foot,
2019-03-13,25,Roberto Firmino,Liverpool,0.04,,Off Target,22.0,Right Foot,
2019-03-13,26,Sadio Mané,Liverpool,0.19,0.7,Goal,18.0,Left Foot,
2019-03-13,29,Robert Lewandowski,Bayern Munich,0.03,0.07,Saved,24.0,Right Foot,Deflected
2019-03-13,34,Andrew Robertson,Liverpool,0.06,0.06,Saved,13.0,Left Foot,
2019-03-13,39,Serge Gnabry,Bayern Munich,0.06,,Off Target,12.0,Right Foot,
2019-03-13,44,David Alaba,Bayern Munich,0.05,0.24,Saved,32.0,Left Foot,Free kick
2019-03-13,50,Mohamed Salah,Liverpool,0.07,0.03,Saved,22.0,Left Foot,
2019-03-13,69,Virgil van Dijk,Liverpool,0.09,0.37,Goal,8.0,Head,
2019-03-13,71,Fabinho,Liverpool,0.03,,Blocked,20.0,Right Foot,
2019-03-13,72,Mohamed Salah,Liverpool,0.04,,Off Target,16.0,Left Foot,Volley
2019-03-13,78,Serge Gnabry,Bayern Munich,0.04,,Blocked,15.0,Right Foot,
2019-03-13,80,Roberto Firmino,Liverpool,0.03,0.02,Saved,27.0,Right Foot,
2019-03-13,81,Leon Goretzka,Bayern Munich,0.07,,Blocked,17.0,Left Foot,
2019-03-13,82,Renato Sanches,Bayern Munich,0.03,,Off Target,30.0,Right Foot,
2019-03-13,84,Sadio Mané,Liverpool,0.53,0.92,Goal,6.0,Head,
2019-03-13,90,Georginio Wijnaldum,Liverpool,0.03,,Off Target,27.0,Right Foot,
2019-03-17,4,Mohamed Salah,Liverpool,0.05,,Off Target,13.0,Right Foot,
2019-03-17,9,Jean Seri,Fulham,0.03,,Off Target,26.0,Right Foot,
2019-03-17,18,Joël Matip,Liverpool,0.09,,Off Target,8.0,Head,
2019-03-17,24,Ryan Babel,Fulham,0.03,,Blocked,25.0,Right Foot,
2019-03-17,26,Sadio Mané,Liverpool,0.53,0.65,Goal,9.0,Right Foot,
2019-03-17,28,Mohamed Salah,Liverpool,0.02,0.03,Saved,30.0,Left Foot,
2019-03-17,35,Andrew Robertson,Liverpool,0.1,0.2,Saved,6.0,Left Foot,
2019-03-17,37,Tom Cairney,Fulham,0.03,,Off Target,27.0,Left Foot,
2019-03-17,47,Georginio Wijnaldum,Liverpool,0.05,,Off Target,15.0,Right Foot,
2019-03-17,47,Roberto Firmino,Liverpool,0.18,,Blocked,8.0,Right Foot,
2019-03-17,51,Roberto Firmino,Liverpool,0.04,,Blocked,22.0,Left Foot,
2019-03-17,52,Georginio Wijnaldum,Liverpool,0.15,,Off Target,4.0,Head,
2019-03-17,64,Andre-Frank Zambo Anguissa,Fulham,0.04,,Blocked,29.0,Right Foot,
2019-03-17,67,Floyd Ayité,Fulham,0.08,,Blocked,17.0,Left Foot,
2019-03-17,68,Andre-Frank Zambo Anguissa,Fulham,0.03,0.1,Saved,26.0,Right Foot,Volley
2019-03-17,73,Sadio Mané,Liverpool,0.12,,Woodwork,5.0,Head,
2019-03-17,74,Ryan Babel,Fulham,0.85,0.97,Goal,3.0,Right Foot,
2019-03-17,79,Divock Origi,Liverpool,0.02,,Blocked,29.0,Right Foot,
2019-03-17,80,Mohamed Salah,Liverpool,0.05,0.05,Saved,13.0,Left Foot,
2019-03-17,81,James Milner,Liverpool,0.79,0.88,Goal,13.0,Right Foot,
2019-03-17,85,Georginio Wijnaldum,Liverpool,0.04,,Off Target,23.0,Right Foot,
2019-03-17,87,Mohamed Salah,Liverpool,0.36,0.32,Saved,14.0,Left Foot,
2019-03-17,89,Mohamed Salah,Liverpool,0.03,,Off Target,23.0,Left Foot,
2019-03-31,4,Mohamed Salah,Liverpool,0.03,,Off Target,22.0,Left Foot,
2019-03-31,7,Lucas Moura,Tottenham,0.02,,Off Target,22.0,Right Foot,
2019-03-31,11,Moussa Sissoko,Tottenham,0.03,,Off Target,30.0,Left Foot,
2019-03-31,16,Roberto Firmino,Liverpool,0.29,0.35,Goal,9.0,Head,
2019-03-31,18,Trent Alexander-Arnold,Liverpool,0.03,,Off Target,26.0,Right Foot,Volley
2019-03-31,20,Sadio Mané,Liverpool,0.06,,Off Target,21.0,Right Foot,
2019-03-31,33,Dele Alli,Tottenham,0.03,,Off Target,25.0,Right Foot,Volley
2019-03-31,34,Harry Kane,Tottenham,0.06,,Blocked,16.0,Right Foot,
2019-03-31,37,Sadio Mané,Liverpool,0.04,,Off Target,22.0,Right Foot,
2019-03-31,40,Lucas Moura,Tottenham,0.03,,Off Target,23.0,Right Foot,
2019-03-31,47,Christian Eriksen,Tottenham,0.03,,Off Target,26.0,Right Foot,
2019-03-31,49,Virgil van Dijk,Liverpool,0.1,,Off Target,6.0,Head,
2019-03-31,54,Roberto Firmino,Liverpool,0.06,,Off Target,11.0,Head,
2019-03-31,56,Harry Kane,Tottenham,0.04,0.05,Saved,16.0,Left Foot,
2019-03-31,56,Christian Eriksen,Tottenham,0.07,,Blocked,14.0,Right Foot,
2019-03-31,59,Mohamed Salah,Liverpool,0.11,,Blocked,18.0,Left Foot,
2019-03-31,59,Jordan Henderson,Liverpool,0.05,,Blocked,25.0,Right Foot,
2019-03-31,69,Mohamed Salah,Liverpool,0.03,,Off Target,26.0,Left Foot,
2019-03-31,70,Lucas Moura,Tottenham,0.31,0.73,Goal,7.0,Right Foot,
2019-03-31,72,Mohamed Salah,Liverpool,0.08,,Off Target,9.0,Head,
2019-03-31,76,Trent Alexander-Arnold,Liverpool,0.05,0.1,Saved,20.0,Left Foot,
2019-03-31,81,Divock Origi,Liverpool,0.07,,Blocked,30.0,Right Foot,Free kick
2019-03-31,85,Moussa Sissoko,Tottenham,0.09,,Off Target,16.0,Left Foot,
2019-03-31,88,Dele Alli,Tottenham,0.04,,Off Target,18.0,Right Foot,
2019-03-31,90,Mohamed Salah,Liverpool,0.06,0.02,Saved,6.0,Head,
2019-04-05,9,Shane Long,Southampton,0.46,0.85,Goal,9.0,Right Foot,
2019-04-05,15,Pierre Højbjerg,Southampton,0.03,,Off Target,18.0,Right Foot,Volley
2019-04-05,16,Sadio Mané,Liverpool,0.33,0.19,Saved,8.0,Head,
2019-04-05,16,Naby Keïta,Liverpool,0.22,,Off Target,3.0,Right Foot,
2019-04-05,20,Jannik Vestergaard,Southampton,0.09,,Off Target,8.0,Head,
2019-04-05,23,Mohamed Salah,Liverpool,0.05,,Blocked,13.0,Left Foot,
2019-04-05,25,Pierre Højbjerg,Southampton,0.02,,Blocked,32.0,Right Foot,
2019-04-05,30,Roberto Firmino,Liverpool,0.03,,Off Target,25.0,Right Foot,Volley
2019-04-05,36,Naby Keïta,Liverpool,0.06,0.25,Goal,8.0,Head,
2019-04-05,39,Sadio Mané,Liverpool,0.14,,Off Target,6.0,Head,
2019-04-05,45,Roberto Firmino,Liverpool,0.03,,Off Target,20.0,Right Foot,
2019-04-05,51,Nathan Redmond,Southampton,0.03,,Blocked,23.0,Right Foot,Volley
2019-04-05,53,Jannik Vestergaard,Southampton,0.05,,Off Target,12.0,Head,
2019-04-05,53,Shane Long,Southampton,0.02,,Off Target,33.0,Right Foot,
2019-04-05,60,Fabinho,Liverpool,0.03,,Off Target,27.0,Right Foot,
2019-04-05,60,James Milner,Liverpool,0.01,,Blocked,32.0,Left Foot,
2019-04-05,60,Roberto Firmino,Liverpool,0.01,0.05,Saved,29.0,Right Foot,
2019-04-05,62,Roberto Firmino,Liverpool,0.11,,Off Target,10.0,Left Foot,
2019-04-05,66,Roberto Firmino,Liverpool,0.24,,Blocked,9.0,Right Foot,
2019-04-05,66,James Milner,Liverpool,0.04,,Blocked,18.0,Right Foot,
2019-04-05,68,Jordan Henderson,Liverpool,0.03,,Blocked,18.0,Right Foot,Volley
2019-04-05,72,Sadio Mané,Liverpool,0.07,,Off Target,9.0,Head,
2019-04-05,79,Maya Yoshida,Southampton,0.08,,Blocked,9.0,Head,
2019-04-05,80,Jan Bednarek,Southampton,0.06,,Off Target,8.0,Head,
2019-04-05,80,James Ward-Prowse,Southampton,0.02,,Blocked,28.0,Left Foot,
2019-04-05,80,Mohamed Salah,Liverpool,0.09,0.6,Goal,18.0,Left Foot,
2019-04-05,86,Jordan Henderson,Liverpool,0.46,0.75,Goal,8.0,Left Foot,
2019-04-05,90,Pierre Højbjerg,Southampton,0.02,,Off Target,26.0,Right Foot,Volley
2019-04-09,2,Moussa Marega,Porto,0.06,,Off Target,16.0,Right Foot,
2019-04-09,5,Naby Keïta,Liverpool,0.06,0.12,Goal,18.0,Right Foot,Deflected
2019-04-09,6,Roberto Firmino,Liverpool,0.05,,Blocked,14.0,Left Foot,
2019-04-09,16,Naby Keïta,Liverpool,0.05,,Blocked,22.0,Right Foot,
2019-04-09,18,Mohamed Salah,Liverpool,0.04,,Blocked,19.0,Left Foot,
2019-04-09,18,Mohamed Salah,Liverpool,0.04,0.05,Saved,25.0,Left Foot,Volley
2019-04-09,22,Mohamed Salah,Liverpool,0.46,,Off Target,14.0,Left Foot,
2019-04-09,26,Roberto Firmino,Liverpool,0.82,0.93,Goal,3.0,Right Foot,
2019-04-09,30,Moussa Marega,Porto,0.25,0.16,Saved,12.0,Left Foot,
2019-04-09,30,Tiquinho Soares,Porto,0.08,,Off Target,9.0,Head,
2019-04-09,31,Moussa Marega,Porto,0.34,0.18,Saved,10.0,Right Foot,Volley
2019-04-09,34,Roberto Firmino,Liverpool,0.35,,Off Target,11.0,Left Foot,
2019-04-09,52,Danilo Pereira,Porto,0.06,,Off Target,10.0,Head,
2019-04-09,52,Mohamed Salah,Liverpool,0.16,,Blocked,13.0,Left Foot,
2019-04-09,55,Óliver Torres,Porto,0.03,,Off Target,28.0,Right Foot,
2019-04-09,60,James Milner,Liverpool,0.03,,Blocked,23.0,Right Foot,
2019-04-09,61,Mohamed Salah,Liverpool,0.03,,Off Target,20.0,Left Foot,Volley
2019-04-09,63,Mohamed Salah,Liverpool,0.06,,Blocked,19.0,Left Foot,
2019-04-09,63,Mohamed Salah,Liverpool,0.07,,Blocked,16.0,Left Foot,
2019-04-09,69,Moussa Marega,Porto,0.06,0.07,Saved,12.0,Right Foot,
2019-04-09,70,Sadio Mané,Liverpool,0.04,,Off Target,25.0,Right Foot,
2019-04-09,75,Trent Alexander-Arnold,Liverpool,0.03,,Blocked,26.0,Right Foot,
2019-04-09,80,Moussa Marega,Porto,0.07,,Off Target,9.0,Right Foot,
2019-04-14,6,Mohamed Salah,Liverpool,0.07,0.03,Saved,11.0,Left Foot,Volley
2019-04-14,17,Mohamed Salah,Liverpool,0.05,,Blocked,17.0,Left Foot,
2019-04-14,20,Eden Hazard,Chelsea,0.09,0.05,Saved,11.0,Left Foot,
2019-04-14,26,Jordan Henderson,Liverpool,0.06,,Blocked,17.0,Right Foot,Volley
2019-04-14,30,Willian,Chelsea,0.07,,Off Target,21.0,Right Foot,
2019-04-14,38,Sadio Mané,Liverpool,0.12,,Off Target,15.0,Right Foot,
2019-04-14,43,Willian,Chelsea,0.03,,Blocked,26.0,Right Foot,
2019-04-14,48,Trent Alexander-Arnold,Liverpool,0.03,,Blocked,25.0,Right Foot,
2019-04-14,49,Naby Keïta,Liverpool,0.06,,Off Target,17.0,Right Foot,Volley
2019-04-14,51,Sadio Mané,Liverpool,0.56,0.73,Goal,4.0,Head,
2019-04-14,53,Mohamed Salah,Liverpool,0.03,0.35,Goal,27.0,Left Foot,
2019-04-14,57,Roberto Firmino,Liverpool,0.03,,Off Target,26.0,Right Foot,
2019-04-14,59,Eden Hazard,Chelsea,0.07,,Woodwork,12.0,Right Foot,
2019-04-14,60,Fabinho,Liverpool,0.03,,Blocked,29.0,Right Foot,
2019-04-14,60,Eden Hazard,Chelsea,0.31,0.18,Saved,11.0,Right Foot,Volley
2019-04-14,65,Mohamed Salah,Liverpool,0.04,0.22,Saved,17.0,Left Foot,
2019-04-14,71,Mohamed Salah,Liverpool,0.04,,Blocked,17.0,Left Foot,
2019-04-14,72,Trent Alexander-Arnold,Liverpool,0.03,0.05,Saved,15.0,Right Foot,
2019-04-14,80,Roberto Firmino,Liverpool,0.02,0.18,Saved,19.0,Left Foot,
2019-04-14,89,Sadio Mané,Liverpool,0.05,0.08,Saved,13.0,Left Foot,
2019-04-14,90,N'Golo Kanté,Chelsea,0.16,0.13,Saved,9.0,Other,
2019-04-17,1,Jesús Corona,Porto,0.03,,Off Target,21.0,Left Foot,
2019-04-17,4,Moussa Marega,Porto,0.05,0.04,Saved,25.0,Right Foot,
2019-04-17,7,Moussa Marega,Porto,0.06,0.11,Saved,15.0,Right Foot,
2019-04-17,8,Yacine Brahimi,Porto,0.03,,Off Target,28.0,Left Foot,
2019-04-17,10,Danilo Pereira,Porto,0.06,,Off Target,8.0,Head,
2019-04-17,14,Moussa Marega,Porto,0.09,,Off Target,9.0,Head,
2019-04-17,15,Moussa Marega,Porto,0.05,,Off Target,15.0,Left Foot,Volley
2019-04-17,17,Pepe,Porto,0.06,,Blocked,21.0,Right Foot,Volley
2019-04-17,18,Éder Militão,Porto,0.03,,Off Target,33.0,Right Foot,
2019-04-17,22,Moussa Marega,Porto,0.05,0.26,Saved,16.0,Right Foot,Volley
2019-04-17,24,Yacine Brahimi,Porto,0.08,,Blocked,9.0,Right Foot,
2019-04-17,24,Alex Telles,Porto,0.03,0.16,Saved,30.0,Left Foot,Volley
2019-04-17,25,Héctor Herrera,Porto,0.03,,Blocked,33.0,Left Foot,
2019-04-17,26,Mohamed Salah,Liverpool,0.04,,Off Target,20.0,Left Foot,
2019-04-17,26,Mohamed Salah,Liverpool,0.1,,Off Target,9.0,Right Foot,
2019-04-17,26,Sadio Mané,Liverpool,0.77,0.95,Goal,3.0,Right Foot,
2019-04-17,29,Yacine Brahimi,Porto,0.07,0.15,Saved,13.0,Right Foot,
2019-04-17,40,Jesús Corona,Porto,0.04,0.05,Saved,20.0,Left Foot,
2019-04-17,45,James Milner,Liverpool,0.06,,Off Target,12.0,Right Foot,Volley
2019-04-17,54,Tiquinho Soares,Porto,0.06,,Off Target,12.0,Head,
2019-04-17,57,Mohamed Salah,Liverpool,0.05,,Off Target,15.0,Head,
2019-04-17,58,Héctor Herrera,Porto,0.03,0.16,Saved,28.0,Right Foot,
2019-04-17,65,Mohamed Salah,Liverpool,0.64,0.94,Goal,13.0,Left Foot,
2019-04-17,68,Éder Militão,Porto,0.09,0.11,Goal,7.0,Head,
2019-04-17,72,Sadio Mané,Liverpool,0.73,,Off Target,11.0,Right Foot,
2019-04-17,77,Roberto Firmino,Liverpool,0.38,0.19,Goal,7.0,Head,
2019-04-17,82,Tiquinho Soares,Porto,0.04,,Off Target,21.0,Right Foot,
2019-04-17,84,Virgil van Dijk,Liverpool,0.7,0.71,Goal,3.0,Head,
2019-04-17,88,Mohamed Salah,Liverpool,0.06,,Off Target,28.0,Left Foot,Free kick
2019-04-17,90,Sadio Mané,Liverpool,0.05,,Off Target,19.0,Right Foot,
2019-04-17,90,Mohamed Salah,Liverpool,0.03,0.02,Saved,23.0,Left Foot,Volley
2019-04-17,90,Mohamed Salah,Liverpool,0.03,,Blocked,27.0,Left Foot,
2019-04-21,13,Sadio Mané,Liverpool,0.03,,Off Target,31.0,Right Foot,
2019-04-21,15,Junior Hoilett,Cardiff City,0.05,,Blocked,6.0,Right Foot,
2019-04-21,18,Roberto Firmino,Liverpool,0.04,,Blocked,18.0,Left Foot,
2019-04-21,22,Roberto Firmino,Liverpool,0.48,,Off Target,12.0,Left Foot,
2019-04-21,31,Sadio Mané,Liverpool,0.13,,Off Target,8.0,Left Foot,
2019-04-21,34,Mohamed Salah,Liverpool,0.46,0.73,Saved,13.0,Left Foot,
2019-04-21,41,Roberto Firmino,Liverpool,0.07,0.03,Saved,5.0,Head,
2019-04-21,44,Víctor Camarasa,Cardiff City,0.04,,Blocked,16.0,Right Foot,Volley
2019-04-21,44,Oumar Niasse,Cardiff City,0.31,0.51,Saved,5.0,Left Foot,Volley
2019-04-21,45,Trent Alexander-Arnold,Liverpool,0.07,,Blocked,28.0,Right Foot,Free kick
2019-04-21,48,Junior Hoilett,Cardiff City,0.03,,Blocked,29.0,Left Foot,
2019-04-21,48,Sean Morrison,Cardiff City,0.07,,Off Target,9.0,Head,
2019-04-21,50,Mohamed Salah,Liverpool,0.03,0.52,Saved,29.0,Left Foot,
2019-04-21,51,Sadio Mané,Liverpool,0.04,,Off Target,17.0,Right Foot,
2019-04-21,55,Trent Alexander-Arnold,Liverpool,0.03,,Off Target,28.0,Right Foot,
2019-04-21,57,Georginio Wijnaldum,Liverpool,0.08,0.3,Goal,12.0,Right Foot,
2019-04-21,60,Naby Keïta,Liverpool,0.02,,Blocked,28.0,Right Foot,
2019-04-21,60,Junior Hoilett,Cardiff City,0.04,0.23,Saved,21.0,Left Foot,
2019-04-21,61,Jordan Henderson,Liverpool,0.29,,Off Target,13.0,Right Foot,
2019-04-21,64,Sean Morrison,Cardiff City,0.63,,Off Target,3.0,Other,
2019-04-21,66,Mohamed Salah,Liverpool,0.07,,Off Target,17.0,Left Foot,
2019-04-21,72,Virgil van Dijk,Liverpool,0.28,,Off Target,4.0,Head,
2019-04-21,81,James Milner,Liverpool,0.79,0.99,Goal,13.0,Right Foot,
2019-04-21,90,Mohamed Salah,Liverpool,0.1,0.15,Saved,10.0,Left Foot,
2019-04-26,1,Naby Keïta,Liverpool,0.08,0.61,Goal,13.0,Right Foot,
2019-04-26,2,Mohamed Salah,Liverpool,0.04,0.03,Saved,17.0,Left Foot,
2019-04-26,3,Jon Gorenc Stanković,Huddersfield,0.05,,Blocked,16.0,Right Foot,
2019-04-26,6,Isaac Mbenza,Huddersfield,0.06,,Off Target,15.0,Right Foot,
2019-04-26,14,Steve Mounié,Huddersfield,0.05,,Off Target,15.0,Left Foot,Volley
2019-04-26,15,Mohamed Salah,Liverpool,0.07,,Off Target,12.0,Right Foot,
2019-04-26,17,Virgil van Dijk,Liverpool,0.07,,Off Target,9.0,Head,
2019-04-26,23,Sadio Mané,Liverpool,0.26,0.52,Goal,10.0,Head,
2019-04-26,28,Mohamed Salah,Liverpool,0.03,,Off Target,26.0,Left Foot,
2019-04-26,29,Daniel Sturridge,Liverpool,0.03,,Off Target,29.0,Left Foot,
2019-04-26,43,Jordan Henderson,Liverpool,0.07,,Off Target,15.0,Left Foot,
2019-04-26,45,Mohamed Salah,Liverpool,0.28,0.23,Goal,17.0,Left Foot,
2019-04-26,49,Sadio Mané,Liverpool,0.28,,Off Target,16.0,Right Foot,
2019-04-26,55,Juninho Bacuna,Huddersfield,0.03,0.2,Saved,29.0,Right Foot,
2019-04-26,60,Naby Keïta,Liverpool,0.03,,Off Target,24.0,Right Foot,
2019-04-26,62,Mohamed Salah,Liverpool,0.04,,Off Target,29.0,Left Foot,Volley
2019-04-26,63,Daniel Sturridge,Liverpool,0.03,,Blocked,23.0,Left Foot,
2019-04-26,66,Sadio Mané,Liverpool,0.07,0.16,Goal,8.0,Head,
2019-04-26,71,Chris Löwe,Huddersfield,0.02,,Blocked,32.0,Left Foot,
2019-04-26,74,Mohamed Salah,Liverpool,0.03,,Blocked,29.0,Left Foot,
2019-04-26,76,Alex Oxlade-Chamberlain,Liverpool,0.54,0.91,Saved,10.0,Left Foot,
2019-04-26,78,Sadio Mané,Liverpool,0.38,,Woodwork,4.0,Head,
2019-04-26,80,Dejan Lovren,Liverpool,0.07,,Off Target,12.0,Right Foot,
2019-04-26,83,Mohamed Salah,Liverpool,0.66,0.8,Goal,5.0,Right Foot,
2019-04-26,90,Mohamed Salah,Liverpool,0.07,,Off Target,15.0,Left Foot,
2019-04-26,90,Xherdan Shaqiri,Liverpool,0.03,,Off Target,26.0,Right Foot,
2019-05-01,2,Mohamed Salah,Liverpool,0.08,,Blocked,16.0,Left Foot,
2019-05-01,4,Luis Suárez,Barcelona,0.05,,Off Target,6.0,Head,
2019-05-01,13,Lionel Messi,Barcelona,0.11,,Blocked,10.0,Left Foot,
2019-05-01,14,Sadio Mané,Liverpool,0.04,,Off Target,14.0,Head,
2019-05-01,15,Philippe Coutinho,Barcelona,0.04,0.12,Saved,21.0,Right Foot,
2019-05-01,23,Sadio Mané,Liverpool,0.07,,Blocked,13.0,Right Foot,
2019-05-01,26,Luis Suárez,Barcelona,0.55,0.62,Goal,7.0,Right Foot,
2019-05-01,32,Philippe Coutinho,Barcelona,0.14,,Off Target,10.0,Right Foot,
2019-05-01,35,Sadio Mané,Liverpool,0.41,,Off Target,14.0,Left Foot,
2019-05-01,38,Mohamed Salah,Liverpool,0.06,,Blocked,18.0,Left Foot,
2019-05-01,38,James Milner,Liverpool,0.03,,Off Target,30.0,Right Foot,
2019-05-01,47,James Milner,Liverpool,0.05,0.38,Saved,18.0,Right Foot,
2019-05-01,53,Mohamed Salah,Liverpool,0.04,0.61,Saved,23.0,Left Foot,
2019-05-01,59,James Milner,Liverpool,0.29,0.23,Saved,17.0,Right Foot,
2019-05-01,64,Clément Lenglet,Barcelona,0.09,,Off Target,8.0,Head,
2019-05-01,67,Sadio Mané,Liverpool,0.06,,Off Target,14.0,Head,
2019-05-01,68,Joe Gomez,Liverpool,0.03,,Off Target,28.0,Right Foot,
2019-05-01,75,Luis Suárez,Barcelona,0.29,,Woodwork,12.0,Right Foot,Volley
2019-05-01,75,Lionel Messi,Barcelona,0.79,0.98,Goal,2.0,Left Foot,
2019-05-01,77,Lionel Messi,Barcelona,0.06,,Blocked,16.0,Left Foot,
2019-05-01,82,Lionel Messi,Barcelona,0.06,0.61,Goal,32.0,Left Foot,"Free kick, Deflected"
2019-05-01,84,Roberto Firmino,Liverpool,0.07,,Blocked,9.0,Right Foot,
2019-05-01,84,Mohamed Salah,Liverpool,0.49,,Woodwork,7.0,Right Foot,
2019-05-01,84,Jordan Henderson,Liverpool,0.08,,Off Target,10.0,Head,
2019-05-01,90,Jordan Henderson,Liverpool,0.05,,Off Target,14.0,Head,
2019-05-01,90,Ousmane Dembélé,Barcelona,0.06,,Off Target,14.0,Left Foot,
2019-05-01,90,Ousmane Dembélé,Barcelona,0.42,0.37,Saved,17.0,Left Foot,
2019-05-04,11,Mohamed Salah,Liverpool,0.05,,Off Target,8.0,Left Foot,
2019-05-04,13,Mohamed Salah,Liverpool,0.06,,Blocked,11.0,Right Foot,
2019-05-04,13,Virgil van Dijk,Liverpool,0.13,0.07,Goal,7.0,Head,
2019-05-04,20,Matt Ritchie,Newcastle Utd,0.06,,Off Target,11.0,Left Foot,
2019-05-04,20,Salomón Rondón,Newcastle Utd,0.75,,Blocked,5.0,Left Foot,
2019-05-04,20,Christian Atsu,Newcastle Utd,0.72,0.98,Goal,5.0,Left Foot,
2019-05-04,24,Javier Manquillo,Newcastle Utd,0.04,0.07,Saved,12.0,Head,
2019-05-04,26,Ayoze Pérez,Newcastle Utd,0.06,,Woodwork,14.0,Right Foot,Volley
2019-05-04,26,Ki Sung-yueng,Newcastle Utd,0.02,0.03,Saved,31.0,Right Foot,
2019-05-04,28,Mohamed Salah,Liverpool,0.08,0.27,Goal,12.0,Right Foot,Volley
2019-05-04,32,Sadio Mané,Liverpool,0.34,0.19,Saved,11.0,Right Foot,
2019-05-04,34,Daniel Sturridge,Liverpool,0.03,,Off Target,23.0,Left Foot,
2019-05-04,37,Andrew Robertson,Liverpool,0.04,,Off Target,18.0,Left Foot,
2019-05-04,42,Salomón Rondón,Newcastle Utd,0.05,0.15,Saved,27.0,Right Foot,
2019-05-04,48,Mohamed Salah,Liverpool,0.05,,Off Target,17.0,Right Foot,
2019-05-04,50,Matt Ritchie,Newcastle Utd,0.03,,Blocked,28.0,Right Foot,
2019-05-04,50,Salomón Rondón,Newcastle Utd,0.01,0.16,Saved,16.0,Right Foot,
2019-05-04,50,Daniel Sturridge,Liverpool,0.07,,Off Target,16.0,Left Foot,
2019-05-04,51,Jordan Henderson,Liverpool,0.11,,Off Target,12.0,Right Foot,Volley
2019-05-04,54,Salomón Rondón,Newcastle Utd,0.05,0.34,Goal,15.0,Left Foot,Volley
2019-05-04,62,Ayoze Pérez,Newcastle Utd,0.08,,Blocked,9.0,Right Foot,
2019-05-04,66,Christian Atsu,Newcastle Utd,0.04,,Off Target,11.0,Head,
2019-05-04,74,Salomón Rondón,Newcastle Utd,0.05,,Blocked,18.0,Left Foot,Deflected
2019-05-04,86,Divock Origi,Liverpool,0.25,0.82,Goal,6.0,Head,Deflected
2019-05-04,90,Salomón Rondón,Newcastle Utd,0.05,,Blocked,34.0,Right Foot,Free kick
2019-05-07,1,Xherdan Shaqiri,Liverpool,0.07,,Off Target,13.0,Left Foot,
2019-05-07,7,Jordan Henderson,Liverpool,0.43,0.71,Saved,13.0,Left Foot,
2019-05-07,7,Divock Origi,Liverpool,0.52,0.73,Goal,7.0,Right Foot,
2019-05-07,14,Lionel Messi,Barcelona,0.07,0.09,Saved,14.0,Left Foot,
2019-05-07,18,Philippe Coutinho,Barcelona,0.1,0.28,Saved,16.0,Right Foot,
2019-05-07,19,Lionel Messi,Barcelona,0.03,,Off Target,20.0,Left Foot,
2019-05-07,22,Jordan Henderson,Liverpool,0.07,,Blocked,14.0,Right Foot,Deflected
2019-05-07,23,Andrew Robertson,Liverpool,0.04,0.07,Saved,18.0,Left Foot,
2019-05-07,43,Andrew Robertson,Liverpool,0.03,,Blocked,29.0,Left Foot,
2019-05-07,44,Trent Alexander-Arnold,Liverpool,0.03,,Off Target,22.0,Right Foot,Volley
2019-05-07,45,Lionel Messi,Barcelona,0.03,,Off Target,28.0,Left Foot,
2019-05-07,45,Jordi Alba,Barcelona,0.66,0.68,Saved,11.0,Left Foot,
2019-05-07,51,Virgil van Dijk,Liverpool,0.58,0.72,Saved,5.0,Right Foot,
2019-05-07,51,Luis Suárez,Barcelona,0.38,0.78,Saved,15.0,Right Foot,
2019-05-07,54,Georginio Wijnaldum,Liverpool,0.08,0.09,Goal,14.0,Right Foot,
2019-05-07,56,Georginio Wijnaldum,Liverpool,0.07,0.39,Goal,11.0,Head,
2019-05-07,67,Lionel Messi,Barcelona,0.06,,Blocked,32.0,Left Foot,Free kick
2019-05-07,68,Lionel Messi,Barcelona,0.04,0.03,Saved,11.0,Left Foot,
2019-05-07,76,Trent Alexander-Arnold,Liverpool,0.02,,Off Target,30.0,Right Foot,
2019-05-07,79,Divock Origi,Liverpool,0.31,0.91,Goal,9.0,Right Foot,
2019-05-07,86,Xherdan Shaqiri,Liverpool,0.26,,Off Target,9.0,Head,
2019-05-12,4,Divock Origi,Liverpool,0.05,0.11,Saved,13.0,Right Foot,Volley
2019-05-12,17,Sadio Mané,Liverpool,0.52,0.75,Goal,9.0,Right Foot,
2019-05-12,20,Mohamed Salah,Liverpool,0.1,,Blocked,15.0,Left Foot,
2019-05-12,24,Andrew Robertson,Liverpool,0.03,0.06,Saved,27.0,Left Foot,
2019-05-12,34,Mohamed Salah,Liverpool,0.04,,Off Target,18.0,Left Foot,Volley
2019-05-12,36,Raúl Jiménez,Wolves,0.28,,Off Target,8.0,Right Foot,Volley
2019-05-12,44,Matt Doherty,Wolves,0.06,,Woodwork,17.0,Right Foot,
2019-05-12,48,Trent Alexander-Arnold,Liverpool,0.05,,Off Target,29.0,Right Foot,Free kick
2019-05-12,54,Jonny Castro,Wolves,0.05,,Blocked,17.0,Right Foot,
2019-05-12,60,Raúl Jiménez,Wolves,0.04,,Off Target,15.0,Right Foot,
2019-05-12,63,Divock Origi,Liverpool,0.09,,Off Target,12.0,Right Foot,Volley
2019-05-12,65,Raúl Jiménez,Wolves,0.09,,Off Target,12.0,Right Foot,
2019-05-12,69,Diogo Jota,Wolves,0.39,0.23,Saved,11.0,Left Foot,
2019-05-12,73,Diogo Jota,Wolves,0.36,0.18,Saved,9.0,Head,
2019-05-12,73,Mohamed Salah,Liverpool,0.08,,Blocked,13.0,Left Foot,
2019-05-12,74,Georginio Wijnaldum,Liverpool,0.3,,Off Target,4.0,Right Foot,Volley
2019-05-12,81,Mohamed Salah,Liverpool,0.05,,Blocked,20.0,Left Foot,Volley
2019-05-12,81,Sadio Mané,Liverpool,0.2,0.22,Goal,13.0,Head,
2019-05-12,83,Virgil van Dijk,Liverpool,0.04,,Woodwork,9.0,Head,
2019-05-12,87,Mohamed Salah,Liverpool,0.03,0.51,Saved,23.0,Left Foot,
2019-06-01,2,Mohamed Salah,Liverpool,0.79,0.91,Goal,13.0,Left Foot,
2019-06-01,10,Moussa Sissoko,Tottenham,0.03,,Off Target,32.0,Right Foot,
2019-06-01,17,Trent Alexander-Arnold,Liverpool,0.02,,Off Target,33.0,Right Foot,
2019-06-01,21,Mohamed Salah,Liverpool,0.03,,Blocked,27.0,Left Foot,
2019-06-01,22,Mohamed Salah,Liverpool,0.04,,Off Target,16.0,Left Foot,
2019-06-01,38,Andrew Robertson,Liverpool,0.03,0.06,Saved,24.0,Left Foot,
2019-06-01,39,Mohamed Salah,Liverpool,0.03,,Off Target,23.0,Right Foot,Volley
2019-06-01,42,Jordan Henderson,Liverpool,0.03,,Blocked,32.0,Right Foot,
2019-06-01,42,Mohamed Salah,Liverpool,0.02,,Blocked,28.0,Left Foot,Volley
2019-06-01,45,Christian Eriksen,Tottenham,0.04,,Off Target,26.0,Left Foot,
2019-06-01,53,Fabinho,Liverpool,0.03,,Blocked,30.0,Right Foot,
2019-06-01,54,Mohamed Salah,Liverpool,0.11,,Blocked,12.0,Left Foot,
2019-06-01,54,Dele Alli,Tottenham,0.12,,Blocked,10.0,Right Foot,
2019-06-01,57,Danny Rose,Tottenham,0.03,,Off Target,20.0,Left Foot,Volley
2019-06-01,58,Jan Vertonghen,Tottenham,0.03,,Off Target,13.0,Head,
2019-06-01,61,Christian Eriksen,Tottenham,0.03,,Blocked,30.0,Right Foot,
2019-06-01,69,James Milner,Liverpool,0.05,,Off Target,17.0,Left Foot,
2019-06-01,73,Dele Alli,Tottenham,0.05,0.15,Saved,16.0,Right Foot,
2019-06-01,79,Dele Alli,Tottenham,0.08,,Off Target,8.0,Head,
2019-06-01,80,Son Heung-min,Tottenham,0.03,0.05,Saved,32.0,Right Foot,
2019-06-01,80,Lucas Moura,Tottenham,0.08,0.19,Saved,16.0,Right Foot,
2019-06-01,81,Son Heung-min,Tottenham,0.05,0.03,Saved,27.0,Left Foot,
2019-06-01,83,Jordan Henderson,Liverpool,0.03,,Off Target,28.0,Right Foot,
2019-06-01,85,Christian Eriksen,Tottenham,0.05,0.63,Saved,24.0,Right Foot,Free kick
2019-06-01,85,Lucas Moura,Tottenham,0.1,,Off Target,9.0,Right Foot,Volley
2019-06-01,87,Virgil van Dijk,Liverpool,0.05,,Blocked,15.0,Right Foot,Volley
2019-06-01,87,Divock Origi,Liverpool,0.04,0.58,Goal,15.0,Left Foot,
2019-06-01,90,Danny Rose,Tottenham,0.04,0.2,Saved,25.0,Right Foot,
2019-06-01,90,Son Heung-min,Tottenham,0.04,0.3,Saved,18.0,Left Foot,
2019-06-01,90,Harry Kane,Tottenham,0.03,0.03,Saved,18.0,Left Foot,
