Player,Club,Position,Fee,Season,Transfer
Harry Kewell,Liverpool,Left Winger,10.0,2003/2004,Arrival
Steve Finnan,Liverpool,Right-Back,5.25,2003/2004,Arrival
Florent Sinama-Pongolle,Liverpool,Second Striker,0.4,2003/2004,Arrival
Djibril Cissé,Liverpool,Centre-Forward,20.0,2004/2005,Arrival
Xabi Alonso,Liverpool,Defensive Midfield,16.0,2004/2005,Arrival
Fernando Morientes,Liverpool,Centre-Forward,9.25,2004/2005,Arrival
Luis García,Liverpool,Right Winger,8.75,2004/2005,Arrival
Josemi,Liverpool,Centre-Back,3.0,2004/2005,Arrival
Scott Carson,Liverpool,Goalkeeper,1.4,2004/2005,Arrival
Michael Owen,Liverpool,Centre-Forward,12.0,2004/2005,Departure
Emile Heskey,Liverpool,Centre-Forward,9.32,2004/2005,Departure
Danny Murphy,Liverpool,Central Midfield,3.25,2004/2005,Departure
Mohamed Sissoko,Liverpool,Defensive Midfield,12.0,2005/2006,Arrival
Peter Crouch,Liverpool,Centre-Forward,10.5,2005/2006,Arrival
Pepe Reina,Liverpool,Goalkeeper,9.8,2005/2006,Arrival
Daniel Agger,Liverpool,Centre-Back,8.76,2005/2006,Arrival
Mark González,Liverpool,Left Winger,2.5,2005/2006,Arrival
Besian Idrizaj,Liverpool,Centre-Forward,0.275,2005/2006,Arrival
Jack Hobbs,Liverpool,Centre-Back,0.225,2005/2006,Arrival
Milan Baros,Liverpool,Centre-Forward,8.84,2005/2006,Departure
El-Hadji Diouf,Liverpool,Centre-Forward,4.8,2005/2006,Departure
Alou Diarra,Liverpool,Defensive Midfield,3.0,2005/2006,Departure
John Welsh,Liverpool,Central Midfield,2.25,2005/2006,Departure
Florent Sinama-Pongolle,Liverpool,Second Striker,0.15,2005/2006,Departure
Dirk Kuyt,Liverpool,Right Winger,18.0,2006/2007,Arrival
Jermaine Pennant,Liverpool,Right Winger,9.1,2006/2007,Arrival
Craig Bellamy,Liverpool,Left Winger,9.0,2006/2007,Arrival
Álvaro Arbeloa,Liverpool,Right-Back,3.9,2006/2007,Arrival
Gabriel Paletta,Liverpool,Centre-Back,2.7,2006/2007,Arrival
Javier Mascherano,Liverpool,Defensive Midfield,2.0,2006/2007,Arrival
Astrit Ajdarevic,Liverpool,Central Midfield,1.2,2006/2007,Arrival
Emiliano Insúa,Liverpool,Left-Back,0.1,2006/2007,Arrival
Fernando Morientes,Liverpool,Centre-Forward,5.0,2006/2007,Departure
Chris Kirkland,Liverpool,Goalkeeper,3.73,2006/2007,Departure
Jan Kromkamp,Liverpool,Right-Back,3.0,2006/2007,Departure
Djimi Traoré,Liverpool,Centre-Back,2.8,2006/2007,Departure
Antonio Barragán,Liverpool,Right-Back,2.5,2006/2007,Departure
Neil Mellor,Liverpool,Centre-Forward,2.3,2006/2007,Departure
Stephen Warnock,Liverpool,Left-Back,2.25,2006/2007,Departure
Djibril Cissé,Liverpool,Centre-Forward,1.5,2006/2007,Departure
Bruno Cheyrou,Liverpool,Central Midfield,1.0,2006/2007,Departure
Darren Potter,Liverpool,Central Midfield,0.375,2006/2007,Departure
Danny O'Donnell,Liverpool,Centre-Back,0.15,2006/2007,Departure
Florent Sinama-Pongolle,Liverpool,Second Striker,0.125,2006/2007,Departure
Fernando Torres,Liverpool,Centre-Forward,38.0,2007/2008,Arrival
Ryan Babel,Liverpool,Left Winger,17.25,2007/2008,Arrival
Martin Skrtel,Liverpool,Centre-Back,10.0,2007/2008,Arrival
Lucas Leiva,Liverpool,Defensive Midfield,10.0,2007/2008,Arrival
Yossi Benayoun,Liverpool,Right Winger,7.3,2007/2008,Arrival
Sebastián Leto,Liverpool,Left Winger,3.0,2007/2008,Arrival
Krisztián Németh,Liverpool,Centre-Forward,3.0,2007/2008,Arrival
Charles Itandje,Liverpool,Goalkeeper,1.5,2007/2008,Arrival
Damien Plessis,Liverpool,Defensive Midfield,0.5,2007/2008,Arrival
Nikolay Mihaylov,Liverpool,Goalkeeper,0.15,2007/2008,Arrival
Craig Bellamy,Liverpool,Left Winger,11.25,2007/2008,Departure
Mohamed Sissoko,Liverpool,Defensive Midfield,11.0,2007/2008,Departure
Djibril Cissé,Liverpool,Centre-Forward,9.0,2007/2008,Departure
Mark González,Liverpool,Left Winger,6.0,2007/2008,Departure
Luis García,Liverpool,Right Winger,4.0,2007/2008,Departure
Florent Sinama-Pongolle,Liverpool,Second Striker,4.0,2007/2008,Departure
Gabriel Paletta,Liverpool,Centre-Back,1.5,2007/2008,Departure
Besian Idrizaj,Liverpool,Centre-Forward,0.004,2007/2008,Departure
Robbie Keane,Liverpool,Centre-Forward,24.0,2008/2009,Arrival
Javier Mascherano,Liverpool,Defensive Midfield,22.5,2008/2009,Arrival
Albert Riera,Liverpool,Left Midfield,9.8,2008/2009,Arrival
Andrea Dossena,Liverpool,Left Midfield,9.0,2008/2009,Arrival
Diego Cavalieri,Liverpool,Goalkeeper,4.4,2008/2009,Arrival
David N'Gog,Liverpool,Centre-Forward,1.5,2008/2009,Arrival
Péter Gulácsi,Liverpool,Goalkeeper,0.25,2008/2009,Arrival
Robbie Keane,Liverpool,Centre-Forward,16.7,2008/2009,Departure
Peter Crouch,Liverpool,Centre-Forward,13.7,2008/2009,Departure
John Arne Riise,Liverpool,Left-Back,5.5,2008/2009,Departure
Danny Guthrie,Liverpool,Central Midfield,4.3,2008/2009,Departure
Scott Carson,Liverpool,Goalkeeper,4.0,2008/2009,Departure
Anthony Le Tallec,Liverpool,Centre-Forward,1.5,2008/2009,Departure
Sebastián Leto,Liverpool,Left Winger,0.75,2008/2009,Departure
Glen Johnson,Liverpool,Right-Back,20.5,2009/2010,Arrival
Alberto Aquilani,Liverpool,Central Midfield,20.0,2009/2010,Arrival
Sotiris Kyrgiakos,Liverpool,Centre-Back,3.0,2009/2010,Arrival
Xabi Alonso,Liverpool,Defensive Midfield,34.5,2009/2010,Departure
Álvaro Arbeloa,Liverpool,Right-Back,4.0,2009/2010,Departure
Sebastián Leto,Liverpool,Left Winger,4.0,2009/2010,Departure
Andrea Dossena,Liverpool,Left Midfield,3.75,2009/2010,Departure
Andriy Voronin,Liverpool,Second Striker,2.0,2009/2010,Departure
Charles Itandje,Liverpool,Goalkeeper,0.3,2009/2010,Departure
Andy Carroll,Liverpool,Centre-Forward,41.0,2010/2011,Arrival
Luis Suárez,Liverpool,Centre-Forward,26.5,2010/2011,Arrival
Raúl Meireles,Liverpool,Central Midfield,13.0,2010/2011,Arrival
Christian Poulsen,Liverpool,Defensive Midfield,5.48,2010/2011,Arrival
Paul Konchesky,Liverpool,Left-Back,4.2,2010/2011,Arrival
Brad Jones,Liverpool,Goalkeeper,2.8,2010/2011,Arrival
Danny Wilson,Liverpool,Centre-Back,2.75,2010/2011,Arrival
Jonjo Shelvey,Liverpool,Central Midfield,2.0,2010/2011,Arrival
Fernando Torres,Liverpool,Centre-Forward,58.5,2010/2011,Departure
Javier Mascherano,Liverpool,Defensive Midfield,20.0,2010/2011,Departure
Yossi Benayoun,Liverpool,Right Winger,7.0,2010/2011,Departure
Ryan Babel,Liverpool,Left Winger,7.0,2010/2011,Departure
Albert Riera,Liverpool,Left Midfield,6.0,2010/2011,Departure
Krisztián Németh,Liverpool,Centre-Forward,1.2,2010/2011,Departure
Damien Plessis,Liverpool,Defensive Midfield,0.8,2010/2011,Departure
Emiliano Insúa,Liverpool,Left-Back,0.75,2010/2011,Departure
Nabil El Zhar,Liverpool,Right Winger,0.25,2010/2011,Departure
Stewart Downing,Liverpool,Left Midfield,22.8,2011/2012,Arrival
Jordan Henderson,Liverpool,Central Midfield,18.0,2011/2012,Arrival
Sebastián Coates,Liverpool,Centre-Back,12.0,2011/2012,Arrival
Charlie Adam,Liverpool,Central Midfield,8.4,2011/2012,Arrival
José Enrique,Liverpool,Left-Back,8.0,2011/2012,Arrival
Danny Ward,Liverpool,Goalkeeper,0.125,2011/2012,Arrival
Raúl Meireles,Liverpool,Central Midfield,13.5,2011/2012,Departure
David N'Gog,Liverpool,Centre-Forward,4.5,2011/2012,Departure
Paul Konchesky,Liverpool,Left-Back,1.7,2011/2012,Departure
Emiliano Insúa,Liverpool,Left-Back,1.5,2011/2012,Departure
Milan Jovanovic,Liverpool,Left Winger,0.8,2011/2012,Departure
Joe Allen,Liverpool,Central Midfield,19.0,2012/2013,Arrival
Daniel Sturridge,Liverpool,Centre-Forward,15.0,2012/2013,Arrival
Fabio Borini,Liverpool,Left Winger,13.3,2012/2013,Arrival
Philippe Coutinho,Liverpool,Attacking Midfield,13.0,2012/2013,Arrival
Nuri Şahin,Liverpool,Defensive Midfield,5.0,2012/2013,Arrival
Oussama Assaidi,Liverpool,Left Winger,4.0,2012/2013,Arrival
Samed Yesil,Liverpool,Centre-Forward,1.3,2012/2013,Arrival
Charlie Adam,Liverpool,Central Midfield,6.2,2012/2013,Departure
Alberto Aquilani,Liverpool,Central Midfield,2.0,2012/2013,Departure
Andy Carroll,Liverpool,Centre-Forward,1.25,2012/2013,Departure
Dirk Kuyt,Liverpool,Right Winger,1.0,2012/2013,Departure
Mamadou Sakho,Liverpool,Centre-Back,19.0,2013/2014,Arrival
Iago Aspas,Liverpool,Centre-Forward,10.8,2013/2014,Arrival
Simon Mignolet,Liverpool,Goalkeeper,10.6,2013/2014,Arrival
Luis Alberto,Liverpool,Central Midfield,8.0,2013/2014,Arrival
Tiago Ilori,Liverpool,Centre-Back,7.5,2013/2014,Arrival
Victor Moses,Liverpool,Right Midfield,1.2,2013/2014,Arrival
Aly Cissokho,Liverpool,Centre-Back,1.0,2013/2014,Arrival
Andy Carroll,Liverpool,Centre-Forward,17.5,2013/2014,Departure
Stewart Downing,Liverpool,Left Midfield,5.8,2013/2014,Departure
Jonjo Shelvey,Liverpool,Central Midfield,5.8,2013/2014,Departure
Fabio Borini,Liverpool,Left Winger,1.8,2013/2014,Departure
Jay Spearing,Liverpool,Defensive Midfield,1.6,2013/2014,Departure
Adam Lallana,Liverpool,Attacking Midfield,31.0,2014/2015,Arrival
Dejan Lovren,Liverpool,Centre-Back,25.3,2014/2015,Arrival
Lazar Markovic,Liverpool,Right Winger,25.0,2014/2015,Arrival
Mario Balotelli,Liverpool,Centre-Forward,20.0,2014/2015,Arrival
Alberto Moreno,Liverpool,Left-Back,18.0,2014/2015,Arrival
Divock Origi,Liverpool,Centre-Forward,12.63,2014/2015,Arrival
Emre Can,Liverpool,Defensive Midfield,12.0,2014/2015,Arrival
Rickie Lambert,Liverpool,Centre-Forward,5.5,2014/2015,Arrival
Javier Manquillo,Liverpool,Right-Back,2.0,2014/2015,Arrival
Luis Suárez,Liverpool,Centre-Forward,81.72,2014/2015,Departure
Oussama Assaidi,Liverpool,Left Winger,6.0,2014/2015,Departure
Daniel Agger,Liverpool,Centre-Back,4.0,2014/2015,Departure
Pepe Reina,Liverpool,Goalkeeper,3.0,2014/2015,Departure
Martin Kelly,Liverpool,Right-Back,2.0,2014/2015,Departure
Suso,Liverpool,Right Winger,1.3,2014/2015,Departure
Jack Robinson,Liverpool,Centre-Back,1.25,2014/2015,Departure
Christian Benteke,Liverpool,Centre-Forward,46.5,2015/2016,Arrival
Roberto Firmino,Liverpool,Centre-Forward,41.0,2015/2016,Arrival
Nathaniel Clyne,Liverpool,Right-Back,17.7,2015/2016,Arrival
Danny Ings,Liverpool,Centre-Forward,8.3,2015/2016,Arrival
Marko Grujic,Liverpool,Defensive Midfield,7.0,2015/2016,Arrival
Joe Gomez,Liverpool,Centre-Back,4.9,2015/2016,Arrival
Taiwo Awoniyi,Liverpool,Centre-Forward,1.1,2015/2016,Arrival
Raheem Sterling,Liverpool,Left Winger,63.7,2015/2016,Departure
Fabio Borini,Liverpool,Left Winger,10.7,2015/2016,Departure
Iago Aspas,Liverpool,Centre-Forward,6.0,2015/2016,Departure
Rickie Lambert,Liverpool,Centre-Forward,4.2,2015/2016,Departure
Sebastián Coates,Liverpool,Centre-Back,2.8,2015/2016,Departure
Andre Wisdom,Liverpool,Right-Back,1.8,2015/2016,Departure
Marko Grujic,Liverpool,Defensive Midfield,1.0,2015/2016,Departure
Tiago Ilori,Liverpool,Centre-Back,0.35,2015/2016,Departure
Sadio Mané,Liverpool,Left Winger,41.2,2016/2017,Arrival
Georginio Wijnaldum,Liverpool,Central Midfield,27.5,2016/2017,Arrival
Loris Karius,Liverpool,Goalkeeper,6.2,2016/2017,Arrival
Ragnar Klavan,Liverpool,Centre-Back,5.0,2016/2017,Arrival
Christian Benteke,Liverpool,Centre-Forward,31.2,2016/2017,Departure
Jordon Ibe,Liverpool,Right Winger,18.0,2016/2017,Departure
Joe Allen,Liverpool,Central Midfield,15.5,2016/2017,Departure
Martin Skrtel,Liverpool,Centre-Back,6.0,2016/2017,Departure
Tiago Ilori,Liverpool,Centre-Back,4.3,2016/2017,Departure
Luis Alberto,Liverpool,Central Midfield,4.0,2016/2017,Departure
Brad Smith,Liverpool,Left-Back,3.6,2016/2017,Departure
Mamadou Sakho,Liverpool,Centre-Back,2.3,2016/2017,Departure
Lawrence Vigouroux,Liverpool,Goalkeeper,0.48,2016/2017,Departure
Virgil van Dijk,Liverpool,Centre-Back,84.65,2017/2018,Arrival
Mohamed Salah,Liverpool,Right Winger,42.0,2017/2018,Arrival
Alex Oxlade-Chamberlain,Liverpool,Central Midfield,38.0,2017/2018,Arrival
Andrew Robertson,Liverpool,Left-Back,9.0,2017/2018,Arrival
Philippe Coutinho,Liverpool,Attacking Midfield,135.0,2017/2018,Departure
Mamadou Sakho,Liverpool,Centre-Back,28.2,2017/2018,Departure
Divock Origi,Liverpool,Centre-Forward,6.5,2017/2018,Departure
Lucas Leiva,Liverpool,Defensive Midfield,5.7,2017/2018,Departure
Kevin Stewart,Liverpool,Defensive Midfield,4.5,2017/2018,Departure
Daniel Sturridge,Liverpool,Centre-Forward,2.3,2017/2018,Departure
Andre Wisdom,Liverpool,Right-Back,2.3,2017/2018,Departure
Alisson,Liverpool,Goalkeeper,62.5,2018/2019,Arrival
Naby Keïta,Liverpool,Central Midfield,60.0,2018/2019,Arrival
Fabinho,Liverpool,Defensive Midfield,45.0,2018/2019,Arrival
Xherdan Shaqiri,Liverpool,Attacking Midfield,14.7,2018/2019,Arrival
Dominic Solanke,Liverpool,Centre-Forward,21.2,2018/2019,Departure
Danny Ward,Liverpool,Goalkeeper,14.0,2018/2019,Departure
Loris Karius,Liverpool,Goalkeeper,2.5,2018/2019,Departure
Ragnar Klavan,Liverpool,Centre-Back,1.52,2018/2019,Departure
Harry Wilson,Liverpool,Right Winger,1.1,2018/2019,Departure
Marko Grujic,Liverpool,Defensive Midfield,1.0,2018/2019,Departure
Cristiano Ronaldo,Manchester United,Centre-Forward,19.0,2003/2004,Arrival
Louis Saha,Manchester United,Centre-Forward,17.5,2003/2004,Arrival
Kléberson,Manchester United,Central Midfield,8.6,2003/2004,Arrival
Eric Djemba Djemba,Manchester United,Defensive Midfield,4.5,2003/2004,Arrival
Tim Howard,Manchester United,Goalkeeper,3.2,2003/2004,Arrival
David Bellion,Manchester United,Centre-Forward,3.0,2003/2004,Arrival
Fangzhuo Dong,Manchester United,Centre-Forward,0.725,2003/2004,Arrival
David Beckham,Manchester United,Right Midfield,37.5,2003/2004,Departure
Juan Sebastián Verón,Manchester United,Central Midfield,21.8,2003/2004,Departure
Wayne Rooney,Manchester United,Centre-Forward,37.0,2004/2005,Arrival
Gabriel Heinze,Manchester United,Centre-Back,10.0,2004/2005,Arrival
Alan Smith,Manchester United,Central Midfield,9.0,2004/2005,Arrival
Gerard Piqué,Manchester United,Centre-Back,5.25,2004/2005,Arrival
Nicky Butt,Manchester United,Central Midfield,3.75,2004/2005,Departure
Diego Forlán,Manchester United,Centre-Forward,3.2,2004/2005,Departure
Eric Djemba Djemba,Manchester United,Defensive Midfield,2.54,2004/2005,Departure
Mark Lynch,Manchester United,Right-Back,0.075,2004/2005,Departure
Nemanja Vidic‎,Manchester United,Centre-Back,10.5,2005/2006,Arrival
Patrice Evra,Manchester United,Left-Back,8.0,2005/2006,Arrival
Ji-sung Park,Manchester United,Attacking Midfield,7.3,2005/2006,Arrival
Edwin van der Sar,Manchester United,Goalkeeper,4.0,2005/2006,Arrival
Ben Foster,Manchester United,Goalkeeper,2.0,2005/2006,Arrival
Phil Neville,Manchester United,Right-Back,5.3,2005/2006,Departure
Kléberson,Manchester United,Central Midfield,2.6,2005/2006,Departure
Michael Carrick,Manchester United,Defensive Midfield,27.2,2006/2007,Arrival
Ruud van Nistelrooy,Manchester United,Centre-Forward,15.0,2006/2007,Departure
David Jones,Manchester United,Central Midfield,1.5,2006/2007,Departure
Jonathan Spector,Manchester United,Centre-Back,0.75,2006/2007,Departure
David Bellion,Manchester United,Centre-Forward,0.5,2006/2007,Departure
Luke Steele,Manchester United,Goalkeeper,0.25,2006/2007,Departure
Anderson,Manchester United,Central Midfield,31.5,2007/2008,Arrival
Nani,Manchester United,Left Winger,25.5,2007/2008,Arrival
Owen Hargreaves,Manchester United,Defensive Midfield,25.0,2007/2008,Arrival
Carlos Tevez,Manchester United,Second Striker,12.7,2007/2008,Arrival
Tomasz Kuszczak,Manchester United,Goalkeeper,4.3,2007/2008,Arrival
Rodrigo Possebon,Manchester United,Central Midfield,3.5,2007/2008,Arrival
Rafael,Manchester United,Right-Back,3.0,2007/2008,Arrival
Manucho,Manchester United,Centre-Forward,1.0,2007/2008,Arrival
Gabriel Heinze,Manchester United,Centre-Back,12.0,2007/2008,Departure
Giuseppe Rossi,Manchester United,Centre-Forward,10.0,2007/2008,Departure
Alan Smith,Manchester United,Central Midfield,9.0,2007/2008,Departure
Kieran Richardson,Manchester United,Left-Back,8.2,2007/2008,Departure
Tim Howard,Manchester United,Goalkeeper,4.2,2007/2008,Departure
Phil Bardsley,Manchester United,Right-Back,3.0,2007/2008,Departure
Manucho,Manchester United,Centre-Forward,0.2,2007/2008,Departure
Dimitar Berbatov,Manchester United,Centre-Forward,38.0,2008/2009,Arrival
Zoran Tosic,Manchester United,Right Winger,7.0,2008/2009,Arrival
Ritchie De Laet,Manchester United,Right-Back,0.25,2008/2009,Arrival
Gerard Piqué,Manchester United,Centre-Back,5.0,2008/2009,Departure
Chris Eagles,Manchester United,Right Winger,1.5,2008/2009,Departure
Mikaël Silvestre,Manchester United,Left-Back,0.95,2008/2009,Departure
Antonio Valencia,Manchester United,Right-Back,18.8,2009/2010,Arrival
Mame Diouf,Manchester United,Centre-Forward,4.5,2009/2010,Arrival
Gabriel Obertan,Manchester United,Right Winger,4.0,2009/2010,Arrival
Cristiano Ronaldo,Manchester United,Centre-Forward,94.0,2009/2010,Departure
Fraizer Campbell,Manchester United,Centre-Forward,4.1,2009/2010,Departure
Manucho,Manchester United,Centre-Forward,2.75,2009/2010,Departure
Lee Martin,Manchester United,Attacking Midfield,2.25,2009/2010,Departure
Danny Simpson,Manchester United,Right-Back,0.865,2009/2010,Departure
Zoran Tosic,Manchester United,Right Winger,0.5,2009/2010,Departure
Bebé,Manchester United,Left Winger,8.8,2010/2011,Arrival
Chris Smalling,Manchester United,Centre-Back,8.0,2010/2011,Arrival
Chicharito,Manchester United,Centre-Forward,7.5,2010/2011,Arrival
Anders Lindegaard,Manchester United,Goalkeeper,5.0,2010/2011,Arrival
Zoran Tosic,Manchester United,Right Winger,9.5,2010/2011,Departure
Ben Foster,Manchester United,Goalkeeper,7.0,2010/2011,Departure
Federico Macheda,Manchester United,Centre-Forward,0.465,2010/2011,Departure
David de Gea,Manchester United,Goalkeeper,25.0,2011/2012,Arrival
Phil Jones,Manchester United,Centre-Back,19.3,2011/2012,Arrival
Ashley Young,Manchester United,Left-Back,18.0,2011/2012,Arrival
John O'Shea,Manchester United,Centre-Back,4.5,2011/2012,Departure
Gabriel Obertan,Manchester United,Right Winger,3.4,2011/2012,Departure
Mame Diouf,Manchester United,Centre-Forward,1.8,2011/2012,Departure
Wes Brown,Manchester United,Centre-Back,1.5,2011/2012,Departure
Bebé,Manchester United,Left Winger,1.0,2011/2012,Departure
Darron Gibson,Manchester United,Central Midfield,0.6,2011/2012,Departure
Joe Dudgeon,Manchester United,Left-Back,0.095,2011/2012,Departure
Robin van Persie,Manchester United,Centre-Forward,30.7,2012/2013,Arrival
Shinji Kagawa,Manchester United,Attacking Midfield,16.0,2012/2013,Arrival
Wilfried Zaha,Manchester United,Left Winger,11.75,2012/2013,Arrival
Nick Powell,Manchester United,Attacking Midfield,7.5,2012/2013,Arrival
Ángelo Henríquez,Manchester United,Centre-Forward,5.5,2012/2013,Arrival
Alexander Büttner,Manchester United,Left-Back,5.0,2012/2013,Arrival
Dimitar Berbatov,Manchester United,Centre-Forward,5.0,2012/2013,Departure
Ji-sung Park,Manchester United,Attacking Midfield,3.1,2012/2013,Departure
Ritchie De Laet,Manchester United,Right-Back,1.25,2012/2013,Departure
Federico Macheda,Manchester United,Centre-Forward,0.3,2012/2013,Departure
Juan Mata,Manchester United,Attacking Midfield,44.73,2013/2014,Arrival
Marouane Fellaini,Manchester United,Central Midfield,32.4,2013/2014,Arrival
Wilfried Zaha,Manchester United,Left Winger,1.8,2013/2014,Departure
Ángel Di María,Manchester United,Right Winger,75.0,2014/2015,Arrival
Luke Shaw,Manchester United,Left-Back,37.5,2014/2015,Arrival
Ander Herrera,Manchester United,Central Midfield,36.0,2014/2015,Arrival
Marcos Rojo,Manchester United,Centre-Back,20.0,2014/2015,Arrival
Daley Blind,Manchester United,Centre-Back,17.5,2014/2015,Arrival
Radamel Falcao,Manchester United,Centre-Forward,7.6,2014/2015,Arrival
Vanja Milinković-Savić,Manchester United,Goalkeeper,1.75,2014/2015,Arrival
Danny Welbeck,Manchester United,Centre-Forward,20.0,2014/2015,Departure
Shinji Kagawa,Manchester United,Attacking Midfield,8.0,2014/2015,Departure
Alexander Büttner,Manchester United,Left-Back,5.5,2014/2015,Departure
Wilfried Zaha,Manchester United,Left Winger,3.8,2014/2015,Departure
Chicharito,Manchester United,Centre-Forward,3.0,2014/2015,Departure
Bebé,Manchester United,Left Winger,3.0,2014/2015,Departure
Patrice Evra,Manchester United,Left-Back,1.9,2014/2015,Departure
Ángelo Henríquez,Manchester United,Centre-Forward,1.5,2014/2015,Departure
Anthony Martial,Manchester United,Centre-Forward,60.0,2015/2016,Arrival
Morgan Schneiderlin,Manchester United,Defensive Midfield,35.0,2015/2016,Arrival
Memphis Depay,Manchester United,Centre-Forward,34.0,2015/2016,Arrival
Matteo Darmian,Manchester United,Right-Back,18.0,2015/2016,Arrival
Bastian Schweinsteiger,Manchester United,Central Midfield,9.0,2015/2016,Arrival
Ángel Di María,Manchester United,Right Winger,63.0,2015/2016,Departure
Chicharito,Manchester United,Centre-Forward,12.0,2015/2016,Departure
Jonny Evans,Manchester United,Centre-Back,8.3,2015/2016,Departure
Robin van Persie,Manchester United,Centre-Forward,6.5,2015/2016,Departure
Nani,Manchester United,Left Winger,6.0,2015/2016,Departure
Rafael,Manchester United,Right-Back,3.2,2015/2016,Departure
Ángelo Henríquez,Manchester United,Centre-Forward,1.67,2015/2016,Departure
Paul Pogba,Manchester United,Central Midfield,105.0,2016/2017,Arrival
Henrikh Mkhitaryan,Manchester United,Central Midfield,42.0,2016/2017,Arrival
Eric Bailly,Manchester United,Centre-Back,38.0,2016/2017,Arrival
Morgan Schneiderlin,Manchester United,Defensive Midfield,23.0,2016/2017,Departure
Memphis Depay,Manchester United,Centre-Forward,16.0,2016/2017,Departure
Paddy McNair,Manchester United,Centre-Back,5.25,2016/2017,Departure
Tyler Blackett,Manchester United,Left-Back,1.8,2016/2017,Departure
Will Keane,Manchester United,Centre-Forward,1.2,2016/2017,Departure
Romelu Lukaku,Manchester United,Centre-Forward,84.7,2017/2018,Arrival
Nemanja Matic,Manchester United,Defensive Midfield,44.7,2017/2018,Arrival
Victor Lindelöf,Manchester United,Centre-Back,35.0,2017/2018,Arrival
Alexis Sánchez,Manchester United,Centre-Forward,34.0,2017/2018,Arrival
Henrikh Mkhitaryan,Manchester United,Central Midfield,34.0,2017/2018,Departure
Adnan Januzaj,Manchester United,Right Winger,8.5,2017/2018,Departure
Andreas Pereira,Manchester United,Attacking Midfield,3.0,2017/2018,Departure
Fred,Manchester United,Central Midfield,59.0,2018/2019,Arrival
Diogo Dalot,Manchester United,Right-Back,22.0,2018/2019,Arrival
Lee Grant,Manchester United,Goalkeeper,1.7,2018/2019,Arrival
Daley Blind,Manchester United,Centre-Back,16.0,2018/2019,Departure
Sam Johnstone,Manchester United,Goalkeeper,7.35,2018/2019,Departure
Marouane Fellaini,Manchester United,Central Midfield,7.2,2018/2019,Departure
Hernán Crespo,Chelsea,Centre-Forward,26.0,2003/2004,Arrival
Damien Duff,Chelsea,Right Midfield,24.5,2003/2004,Arrival
Adrian Mutu,Chelsea,Centre-Forward,22.7,2003/2004,Arrival
Juan Sebastián Verón,Chelsea,Central Midfield,21.8,2003/2004,Arrival
Claude Makélélé,Chelsea,Defensive Midfield,20.0,2003/2004,Arrival
Scott Parker,Chelsea,Central Midfield,14.5,2003/2004,Arrival
Wayne Bridge,Chelsea,Left-Back,10.5,2003/2004,Arrival
Njitap Geremi,Chelsea,Right Midfield,10.0,2003/2004,Arrival
Joe Cole,Chelsea,Attacking Midfield,9.9,2003/2004,Arrival
Glen Johnson,Chelsea,Right-Back,8.3,2003/2004,Arrival
Aleksey Smertin,Chelsea,Defensive Midfield,5.5,2003/2004,Arrival
Mikael Forssell,Chelsea,Centre-Forward,0.75,2003/2004,Departure
Leon Knight,Chelsea,Centre-Forward,0.2,2003/2004,Departure
Didier Drogba,Chelsea,Centre-Forward,38.5,2004/2005,Arrival
Ricardo Carvalho,Chelsea,Centre-Back,30.0,2004/2005,Arrival
Paulo Ferreira,Chelsea,Right-Back,20.0,2004/2005,Arrival
Arjen Robben,Chelsea,Right Winger,18.0,2004/2005,Arrival
Tiago Mendes,Chelsea,Central Midfield,15.0,2004/2005,Arrival
Petr Cech,Chelsea,Goalkeeper,13.0,2004/2005,Arrival
Alex,Chelsea,Centre-Back,11.5,2004/2005,Arrival
Jiri Jarosik,Chelsea,Centre-Back,8.0,2004/2005,Arrival
Mateja Kežman,Chelsea,Centre-Forward,7.5,2004/2005,Arrival
Alcides,Chelsea,Centre-Back,0.9,2004/2005,Arrival
Jesper Grönkjaer,Chelsea,Left Winger,3.3,2004/2005,Departure
Michael Essien,Chelsea,Defensive Midfield,38.0,2005/2006,Arrival
Shaun Wright-Phillips,Chelsea,Right Winger,31.5,2005/2006,Arrival
Asier del Horno,Chelsea,Left-Back,12.0,2005/2006,Arrival
Slobodan Rajković,Chelsea,Centre-Back,5.2,2005/2006,Arrival
Lassana Diarra,Chelsea,Defensive Midfield,4.5,2005/2006,Arrival
Maniche,Chelsea,Central Midfield,0.3,2005/2006,Arrival
Tiago Mendes,Chelsea,Central Midfield,10.1,2005/2006,Departure
Scott Parker,Chelsea,Central Midfield,9.5,2005/2006,Departure
Mateja Kežman,Chelsea,Centre-Forward,9.0,2005/2006,Departure
Mikael Forssell,Chelsea,Centre-Forward,4.5,2005/2006,Departure
Aleksey Smertin,Chelsea,Defensive Midfield,1.5,2005/2006,Departure
Andriy Shevchenko,Chelsea,Centre-Forward,43.88,2006/2007,Arrival
John Obi Mikel,Chelsea,Defensive Midfield,20.0,2006/2007,Arrival
Khalid Boulahrouz,Chelsea,Centre-Back,13.2,2006/2007,Arrival
Ashley Cole,Chelsea,Left-Back,7.4,2006/2007,Arrival
Salomon Kalou,Chelsea,Left Winger,4.0,2006/2007,Arrival
Ben Sahar,Chelsea,Centre-Forward,0.5,2006/2007,Arrival
Damien Duff,Chelsea,Right Midfield,15.5,2006/2007,Departure
Eidur Gudjohnsen,Chelsea,Centre-Forward,12.0,2006/2007,Departure
Robert Huth,Chelsea,Centre-Back,8.9,2006/2007,Departure
Asier del Horno,Chelsea,Left-Back,7.5,2006/2007,Departure
Jiri Jarosik,Chelsea,Centre-Back,3.5,2006/2007,Departure
Carlton Cole,Chelsea,Centre-Forward,3.0,2006/2007,Departure
Juan Sebastián Verón,Chelsea,Central Midfield,2.2,2006/2007,Departure
Florent Malouda,Chelsea,Left Winger,19.0,2007/2008,Arrival
Nicolas Anelka,Chelsea,Centre-Forward,18.0,2007/2008,Arrival
Branislav Ivanovic,Chelsea,Right-Back,12.0,2007/2008,Arrival
Juliano Belletti,Chelsea,Right-Back,5.5,2007/2008,Arrival
Franco Di Santo,Chelsea,Centre-Forward,4.5,2007/2008,Arrival
Arjen Robben,Chelsea,Right Winger,35.0,2007/2008,Departure
Glen Johnson,Chelsea,Right-Back,5.5,2007/2008,Departure
Lassana Diarra,Chelsea,Defensive Midfield,2.9,2007/2008,Departure
Slobodan Rajković,Chelsea,Centre-Back,0.25,2007/2008,Departure
Bosingwa,Chelsea,Right-Back,20.5,2008/2009,Arrival
Deco,Chelsea,Attacking Midfield,10.0,2008/2009,Arrival
Wayne Bridge,Chelsea,Left-Back,13.0,2008/2009,Departure
Shaun Wright-Phillips,Chelsea,Right Winger,11.25,2008/2009,Departure
Tal Ben Haim,Chelsea,Centre-Back,6.4,2008/2009,Departure
Steve Sidwell,Chelsea,Central Midfield,6.3,2008/2009,Departure
Khalid Boulahrouz,Chelsea,Centre-Back,5.0,2008/2009,Departure
Claudio Pizarro,Chelsea,Centre-Forward,2.0,2008/2009,Departure
Alcides,Chelsea,Centre-Back,0.6,2008/2009,Departure
Yuriy Zhirkov,Chelsea,Left Midfield,21.0,2009/2010,Arrival
Daniel Sturridge,Chelsea,Centre-Forward,7.25,2009/2010,Arrival
Nemanja Matic,Chelsea,Defensive Midfield,1.75,2009/2010,Arrival
Claudio Pizarro,Chelsea,Centre-Forward,2.0,2009/2010,Departure
Ben Sahar,Chelsea,Centre-Forward,1.0,2009/2010,Departure
Miroslav Stoch,Chelsea,Left Winger,0.8,2009/2010,Departure
Fernando Torres,Chelsea,Centre-Forward,58.5,2010/2011,Arrival
David Luiz,Chelsea,Centre-Back,25.0,2010/2011,Arrival
Ramires,Chelsea,Central Midfield,22.0,2010/2011,Arrival
Yossi Benayoun,Chelsea,Right Winger,7.0,2010/2011,Arrival
Tomas Kalas,Chelsea,Centre-Back,6.0,2010/2011,Arrival
Matej Delac,Chelsea,Goalkeeper,3.0,2010/2011,Arrival
Ricardo Carvalho,Chelsea,Centre-Back,8.0,2010/2011,Departure
Miroslav Stoch,Chelsea,Left Winger,5.5,2010/2011,Departure
Franco Di Santo,Chelsea,Centre-Forward,2.4,2010/2011,Departure
Scott Sinclair,Chelsea,Left Winger,0.6,2010/2011,Departure
Juan Mata,Chelsea,Attacking Midfield,26.7,2011/2012,Arrival
Romelu Lukaku,Chelsea,Centre-Forward,15.0,2011/2012,Arrival
Raúl Meireles,Chelsea,Central Midfield,13.5,2011/2012,Arrival
Thibaut Courtois,Chelsea,Goalkeeper,8.95,2011/2012,Arrival
Gary Cahill,Chelsea,Centre-Back,8.4,2011/2012,Arrival
Kevin De Bruyne,Chelsea,Attacking Midfield,8.0,2011/2012,Arrival
Lucas Piazón,Chelsea,Attacking Midfield,7.5,2011/2012,Arrival
Oriol Romeu,Chelsea,Defensive Midfield,4.6,2011/2012,Arrival
Ulises Dávila,Chelsea,Attacking Midfield,2.0,2011/2012,Arrival
Patrick Bamford,Chelsea,Centre-Forward,1.8,2011/2012,Arrival
Yuriy Zhirkov,Chelsea,Left Midfield,15.0,2011/2012,Departure
Alex,Chelsea,Centre-Back,5.0,2011/2012,Departure
Nemanja Matic,Chelsea,Defensive Midfield,5.0,2011/2012,Departure
Michael Mancienne,Chelsea,Centre-Back,2.5,2011/2012,Departure
Slobodan Rajković,Chelsea,Centre-Back,2.0,2011/2012,Departure
Thibaut Courtois,Chelsea,Goalkeeper,1.2,2011/2012,Departure
Jeffrey Bruma,Chelsea,Centre-Back,0.5,2011/2012,Departure
Fabio Borini,Chelsea,Left Winger,0.36,2011/2012,Departure
Eden Hazard,Chelsea,Left Winger,35.0,2012/2013,Arrival
Oscar,Chelsea,Attacking Midfield,32.0,2012/2013,Arrival
Victor Moses,Chelsea,Right Midfield,11.5,2012/2013,Arrival
César Azpilicueta,Chelsea,Right-Back,8.8,2012/2013,Arrival
Demba Ba,Chelsea,Centre-Forward,8.5,2012/2013,Arrival
Marko Marin,Chelsea,Attacking Midfield,8.0,2012/2013,Arrival
Wallace Oliveira,Chelsea,Right-Back,5.4,2012/2013,Arrival
Thorgan Hazard,Chelsea,Left Winger,0.5,2012/2013,Arrival
Daniel Sturridge,Chelsea,Centre-Forward,15.0,2012/2013,Departure
Raúl Meireles,Chelsea,Central Midfield,10.0,2012/2013,Departure
Kevin De Bruyne,Chelsea,Attacking Midfield,0.45,2012/2013,Departure
Willian,Chelsea,Left Winger,35.5,2013/2014,Arrival
Nemanja Matic,Chelsea,Defensive Midfield,25.0,2013/2014,Arrival
André Schürrle,Chelsea,Left Winger,22.0,2013/2014,Arrival
Mohamed Salah,Chelsea,Right Winger,16.5,2013/2014,Arrival
Kurt Zouma,Chelsea,Centre-Back,14.6,2013/2014,Arrival
Marco van Ginkel,Chelsea,Central Midfield,9.4,2013/2014,Arrival
Christian Atsu,Chelsea,Left Winger,3.0,2013/2014,Arrival
Stipe Perica,Chelsea,Centre-Forward,2.45,2013/2014,Arrival
Cristian Cuevas,Chelsea,Left Winger,1.9,2013/2014,Arrival
Juan Mata,Chelsea,Attacking Midfield,44.73,2013/2014,Departure
Kevin De Bruyne,Chelsea,Attacking Midfield,22.0,2013/2014,Departure
Romelu Lukaku,Chelsea,Centre-Forward,3.5,2013/2014,Departure
Jeffrey Bruma,Chelsea,Centre-Back,3.5,2013/2014,Departure
Wallace Oliveira,Chelsea,Right-Back,1.5,2013/2014,Departure
Victor Moses,Chelsea,Right Midfield,1.2,2013/2014,Departure
Oriol Romeu,Chelsea,Defensive Midfield,1.0,2013/2014,Departure
Michael Essien,Chelsea,Defensive Midfield,0.5,2013/2014,Departure
Diego Costa,Chelsea,Centre-Forward,38.0,2014/2015,Arrival
Cesc Fàbregas,Chelsea,Central Midfield,33.0,2014/2015,Arrival
Juan Cuadrado,Chelsea,Right Midfield,31.0,2014/2015,Arrival
Filipe Luís,Chelsea,Left-Back,20.0,2014/2015,Arrival
Loïc Rémy,Chelsea,Centre-Forward,13.2,2014/2015,Arrival
Mario Pasalic,Chelsea,Central Midfield,2.5,2014/2015,Arrival
David Luiz,Chelsea,Centre-Back,49.5,2014/2015,Departure
Romelu Lukaku,Chelsea,Centre-Forward,35.36,2014/2015,Departure
André Schürrle,Chelsea,Left Winger,32.0,2014/2015,Departure
Ryan Bertrand,Chelsea,Left-Back,13.3,2014/2015,Departure
Demba Ba,Chelsea,Centre-Forward,6.0,2014/2015,Departure
Patrick van Aanholt,Chelsea,Left-Back,1.9,2014/2015,Departure
Thorgan Hazard,Chelsea,Left Winger,1.5,2014/2015,Departure
Marco van Ginkel,Chelsea,Central Midfield,1.0,2014/2015,Departure
Fernando Torres,Chelsea,Centre-Forward,1.0,2014/2015,Departure
Lucas Piazón,Chelsea,Attacking Midfield,0.8,2014/2015,Departure
Oriol Romeu,Chelsea,Defensive Midfield,0.25,2014/2015,Departure
Tomas Kalas,Chelsea,Centre-Back,0.2,2014/2015,Departure
Pedro,Chelsea,Right Winger,27.0,2015/2016,Arrival
Abdul Rahman Baba,Chelsea,Left-Back,26.0,2015/2016,Arrival
Asmir Begovic,Chelsea,Goalkeeper,11.0,2015/2016,Arrival
Kenedy,Chelsea,Left Winger,8.0,2015/2016,Arrival
Radamel Falcao,Chelsea,Centre-Forward,7.0,2015/2016,Arrival
Michael Hector,Chelsea,Centre-Back,5.4,2015/2016,Arrival
Matt Miazga,Chelsea,Centre-Back,4.6,2015/2016,Arrival
Nathan,Chelsea,Attacking Midfield,4.0,2015/2016,Arrival
Papy Djilobodji,Chelsea,Centre-Back,3.5,2015/2016,Arrival
Ramires,Chelsea,Central Midfield,28.0,2015/2016,Departure
Filipe Luís,Chelsea,Left-Back,16.0,2015/2016,Departure
Petr Cech,Chelsea,Goalkeeper,14.0,2015/2016,Departure
Thorgan Hazard,Chelsea,Left Winger,8.0,2015/2016,Departure
Oriol Romeu,Chelsea,Defensive Midfield,7.0,2015/2016,Departure
Gaël Kakuta,Chelsea,Attacking Midfield,6.0,2015/2016,Departure
Mohamed Salah,Chelsea,Right Winger,5.0,2015/2016,Departure
Juan Cuadrado,Chelsea,Right Midfield,1.8,2015/2016,Departure
Josh McEachran,Chelsea,Central Midfield,1.04,2015/2016,Departure
Papy Djilobodji,Chelsea,Centre-Back,0.4,2015/2016,Departure
Nathaniel Chalobah,Chelsea,Defensive Midfield,0.25,2015/2016,Departure
Michy Batshuayi,Chelsea,Centre-Forward,39.0,2016/2017,Arrival
N'Golo Kanté,Chelsea,Defensive Midfield,35.8,2016/2017,Arrival
David Luiz,Chelsea,Centre-Back,35.0,2016/2017,Arrival
Marcos Alonso,Chelsea,Left-Back,23.0,2016/2017,Arrival
Oscar,Chelsea,Attacking Midfield,60.0,2016/2017,Departure
Mohamed Salah,Chelsea,Right Winger,15.0,2016/2017,Departure
Papy Djilobodji,Chelsea,Centre-Back,9.5,2016/2017,Departure
Patrick Bamford,Chelsea,Centre-Forward,6.9,2016/2017,Departure
Juan Cuadrado,Chelsea,Right Midfield,5.0,2016/2017,Departure
Stipe Perica,Chelsea,Centre-Forward,4.5,2016/2017,Departure
Marko Marin,Chelsea,Attacking Midfield,3.0,2016/2017,Departure
Bertrand Traoré,Chelsea,Right Winger,2.0,2016/2017,Departure
Loïc Rémy,Chelsea,Centre-Forward,1.0,2016/2017,Departure
Mario Pasalic,Chelsea,Central Midfield,1.0,2016/2017,Departure
Abdul Rahman Baba,Chelsea,Left-Back,0.5,2016/2017,Departure
Christian Atsu,Chelsea,Left Winger,0.5,2016/2017,Departure
Álvaro Morata,Chelsea,Centre-Forward,66.0,2017/2018,Arrival
Tiemoué Bakayoko,Chelsea,Defensive Midfield,40.0,2017/2018,Arrival
Danny Drinkwater,Chelsea,Central Midfield,37.9,2017/2018,Arrival
Antonio Rüdiger,Chelsea,Centre-Back,35.0,2017/2018,Arrival
Davide Zappacosta,Chelsea,Right Midfield,25.0,2017/2018,Arrival
Emerson,Chelsea,Left-Back,20.0,2017/2018,Arrival
Olivier Giroud,Chelsea,Centre-Forward,17.0,2017/2018,Arrival
Ross Barkley,Chelsea,Central Midfield,16.8,2017/2018,Arrival
Ethan Ampadu,Chelsea,Defensive Midfield,2.8,2017/2018,Arrival
Diego Costa,Chelsea,Centre-Forward,60.0,2017/2018,Departure
Nemanja Matic,Chelsea,Defensive Midfield,44.7,2017/2018,Departure
Nathan Aké,Chelsea,Centre-Back,22.8,2017/2018,Departure
Juan Cuadrado,Chelsea,Right Midfield,20.0,2017/2018,Departure
Asmir Begovic,Chelsea,Goalkeeper,11.5,2017/2018,Departure
Bertrand Traoré,Chelsea,Right Winger,10.0,2017/2018,Departure
Kurt Zouma,Chelsea,Centre-Back,7.8,2017/2018,Departure
Christian Atsu,Chelsea,Left Winger,7.5,2017/2018,Departure
Nathaniel Chalobah,Chelsea,Defensive Midfield,6.3,2017/2018,Departure
Charly Musonda Jr.,Chelsea,Left Winger,2.5,2017/2018,Departure
Michy Batshuayi,Chelsea,Centre-Forward,1.5,2017/2018,Departure
Kepa Arrizabalaga,Chelsea,Goalkeeper,80.0,2018/2019,Arrival
Christian Pulisic,Chelsea,Right Winger,64.0,2018/2019,Arrival
Jorginho,Chelsea,Defensive Midfield,57.0,2018/2019,Arrival
Gonzalo Higuaín,Chelsea,Centre-Forward,7.8,2018/2019,Arrival
Thibaut Courtois,Chelsea,Goalkeeper,35.0,2018/2019,Departure
Álvaro Morata,Chelsea,Centre-Forward,18.0,2018/2019,Departure
Cesc Fàbregas,Chelsea,Central Midfield,9.0,2018/2019,Departure
Kurt Zouma,Chelsea,Centre-Back,7.9,2018/2019,Departure
Tiemoué Bakayoko,Chelsea,Defensive Midfield,5.0,2018/2019,Departure
Michy Batshuayi,Chelsea,Centre-Forward,3.0,2018/2019,Departure
Mario Pasalic,Chelsea,Central Midfield,2.5,2018/2019,Departure
Michy Batshuayi,Chelsea,Centre-Forward,1.15,2018/2019,Departure
Kenneth Omeruo,Chelsea,Centre-Back,0.8,2018/2019,Departure
Ola Aina,Chelsea,Right-Back,0.6,2018/2019,Departure
Matt Miazga,Chelsea,Centre-Back,0.3,2018/2019,Departure
José Antonio Reyes,Arsenal,Right Winger,20.0,2003/2004,Arrival
Philippe Senderos,Arsenal,Centre-Back,3.55,2003/2004,Arrival
Jens Lehmann,Arsenal,Goalkeeper,3.5,2003/2004,Arrival
Gaël Clichy,Arsenal,Left-Back,0.375,2003/2004,Arrival
Moritz Volz,Arsenal,Right-Back,1.0,2003/2004,Departure
John Halls,Arsenal,Defensive Midfield,0.05,2003/2004,Departure
Manuel Almunia,Arsenal,Goalkeeper,5.0,2004/2005,Arrival
Robin van Persie,Arsenal,Centre-Forward,4.5,2004/2005,Arrival
Emmanuel Eboué,Arsenal,Right-Back,2.2,2004/2005,Arrival
Mathieu Flamini,Arsenal,Defensive Midfield,0.48,2004/2005,Arrival
Arturo Lupoli,Arsenal,Centre-Forward,0.3,2004/2005,Arrival
Francis Jeffers,Arsenal,Centre-Forward,3.9,2004/2005,Departure
Aleksandr Hleb,Arsenal,Attacking Midfield,15.0,2005/2006,Arrival
Theo Walcott,Arsenal,Right Winger,10.5,2005/2006,Arrival
Emmanuel Adebayor,Arsenal,Centre-Forward,10.0,2005/2006,Arrival
Alex Song,Arsenal,Defensive Midfield,4.0,2005/2006,Arrival
Abou Diaby,Arsenal,Central Midfield,3.0,2005/2006,Arrival
Carlos Vela,Arsenal,Right Winger,3.0,2005/2006,Arrival
Vito Mannone,Arsenal,Goalkeeper,0.5,2005/2006,Arrival
Patrick Vieira,Arsenal,Defensive Midfield,20.0,2005/2006,Departure
Quincy Owusu-Abeyie,Arsenal,Left Winger,2.5,2005/2006,Departure
David Bentley,Arsenal,Right Midfield,1.75,2005/2006,Departure
Jermaine Pennant,Arsenal,Right Winger,0.75,2005/2006,Departure
Tomas Rosicky,Arsenal,Attacking Midfield,10.0,2006/2007,Arrival
Denílson,Arsenal,Defensive Midfield,5.0,2006/2007,Arrival
Ashley Cole,Arsenal,Left-Back,7.4,2006/2007,Departure
Pascal Cygan,Arsenal,Centre-Back,2.9,2006/2007,Departure
Sebastian Larsson,Arsenal,Central Midfield,1.5,2006/2007,Departure
Laurén,Arsenal,Right-Back,0.55,2006/2007,Departure
Sebastian Svärd,Arsenal,Defensive Midfield,0.3,2006/2007,Departure
Alex Song,Arsenal,Defensive Midfield,0.275,2006/2007,Departure
Eduardo,Arsenal,Centre-Forward,13.5,2007/2008,Arrival
Bacary Sagna,Arsenal,Right-Back,9.0,2007/2008,Arrival
Lukasz Fabianski,Arsenal,Goalkeeper,4.35,2007/2008,Arrival
Lassana Diarra,Arsenal,Defensive Midfield,2.9,2007/2008,Arrival
Pedro Botelho,Arsenal,Centre-Back,1.2,2007/2008,Arrival
Thierry Henry,Arsenal,Centre-Forward,24.0,2007/2008,Departure
José Antonio Reyes,Arsenal,Right Winger,12.0,2007/2008,Departure
Lassana Diarra,Arsenal,Defensive Midfield,7.0,2007/2008,Departure
Fabrice Muamba,Arsenal,Central Midfield,6.0,2007/2008,Departure
Freddie Ljungberg,Arsenal,Right Midfield,4.5,2007/2008,Departure
Jérémie Aliadière,Arsenal,Centre-Forward,3.0,2007/2008,Departure
Pedro Botelho,Arsenal,Centre-Back,0.125,2007/2008,Departure
Mart Poom,Arsenal,Goalkeeper,0.1,2007/2008,Departure
Andrey Arshavin,Arsenal,Left Winger,16.5,2008/2009,Arrival
Samir Nasri,Arsenal,Attacking Midfield,16.0,2008/2009,Arrival
Aaron Ramsey,Arsenal,Central Midfield,6.4,2008/2009,Arrival
Mikaël Silvestre,Arsenal,Left-Back,0.95,2008/2009,Arrival
Amaury Bischoff,Arsenal,Central Midfield,0.3,2008/2009,Arrival
Aleksandr Hleb,Arsenal,Attacking Midfield,17.0,2008/2009,Departure
Justin Hoyte,Arsenal,Right-Back,3.8,2008/2009,Departure
Gilberto Silva,Arsenal,Defensive Midfield,2.5,2008/2009,Departure
Philippe Senderos,Arsenal,Centre-Back,2.5,2008/2009,Departure
Thomas Vermaelen,Arsenal,Centre-Back,12.0,2009/2010,Arrival
Emmanuel Adebayor,Arsenal,Centre-Forward,29.0,2009/2010,Departure
Kolo Touré,Arsenal,Centre-Back,18.7,2009/2010,Departure
Laurent Koscielny,Arsenal,Centre-Back,12.5,2010/2011,Arrival
Sébastien Squillaci,Arsenal,Centre-Back,6.5,2010/2011,Arrival
Wellington Silva,Arsenal,Right Winger,4.0,2010/2011,Arrival
Eduardo,Arsenal,Centre-Forward,7.2,2010/2011,Departure
Armand Traoré,Arsenal,Left-Back,0.5,2010/2011,Departure
Nacer Barazite,Arsenal,Attacking Midfield,0.4,2010/2011,Departure
Alex Oxlade-Chamberlain,Arsenal,Central Midfield,13.8,2011/2012,Arrival
Mikel Arteta,Arsenal,Central Midfield,12.0,2011/2012,Arrival
Gervinho,Arsenal,Left Winger,12.0,2011/2012,Arrival
Per Mertesacker,Arsenal,Centre-Back,11.3,2011/2012,Arrival
André Santos,Arsenal,Left-Back,7.0,2011/2012,Arrival
Chu-young Park,Arsenal,Centre-Forward,6.5,2011/2012,Arrival
Carl Jenkinson,Arsenal,Right-Back,1.13,2011/2012,Arrival
Joel Campbell,Arsenal,Right Winger,1.0,2011/2012,Arrival
Thomas Eisfeld,Arsenal,Central Midfield,0.75,2011/2012,Arrival
Cesc Fàbregas,Arsenal,Central Midfield,34.0,2011/2012,Departure
Samir Nasri,Arsenal,Attacking Midfield,27.5,2011/2012,Departure
Gaël Clichy,Arsenal,Left-Back,7.75,2011/2012,Departure
Emmanuel Eboué,Arsenal,Right-Back,3.5,2011/2012,Departure
Armand Traoré,Arsenal,Left-Back,1.35,2011/2012,Departure
Jay Emmanuel-Thomas,Arsenal,Attacking Midfield,1.25,2011/2012,Departure
Andrey Arshavin,Arsenal,Left Winger,1.2,2011/2012,Departure
Nicklas Bendtner,Arsenal,Centre-Forward,1.0,2011/2012,Departure
Denílson,Arsenal,Defensive Midfield,0.4,2011/2012,Departure
Pedro Botelho,Arsenal,Centre-Back,0.34,2011/2012,Departure
Santi Cazorla,Arsenal,Central Midfield,19.0,2012/2013,Arrival
Lukas Podolski,Arsenal,Attacking Midfield,15.0,2012/2013,Arrival
Olivier Giroud,Arsenal,Centre-Forward,12.0,2012/2013,Arrival
Nacho Monreal,Arsenal,Left-Back,10.0,2012/2013,Arrival
Robin van Persie,Arsenal,Centre-Forward,30.7,2012/2013,Departure
Alex Song,Arsenal,Defensive Midfield,19.0,2012/2013,Departure
Carlos Vela,Arsenal,Right Winger,14.0,2012/2013,Departure
Henri Lansbury,Arsenal,Central Midfield,1.25,2012/2013,Departure
Chu-young Park,Arsenal,Centre-Forward,0.5,2012/2013,Departure
Johan Djourou,Arsenal,Centre-Back,0.4,2012/2013,Departure
Mesut Özil,Arsenal,Attacking Midfield,47.0,2013/2014,Arrival
Emiliano Viviano,Arsenal,Goalkeeper,1.0,2013/2014,Arrival
Kim Källström,Arsenal,Central Midfield,0.75,2013/2014,Arrival
Semi Ajayi,Arsenal,Centre-Back,0.5,2013/2014,Arrival
Gervinho,Arsenal,Left Winger,8.0,2013/2014,Departure
Vito Mannone,Arsenal,Goalkeeper,2.4,2013/2014,Departure
Marouane Chamakh,Arsenal,Centre-Forward,1.2,2013/2014,Departure
Emmanuel Frimpong,Arsenal,Defensive Midfield,0.25,2013/2014,Departure
Francis Coquelin,Arsenal,Defensive Midfield,0.2,2013/2014,Departure
Nico Yennaris,Arsenal,Defensive Midfield,0.1,2013/2014,Departure
Alexis Sánchez,Arsenal,Centre-Forward,42.5,2014/2015,Arrival
Calum Chambers,Arsenal,Centre-Back,20.23,2014/2015,Arrival
Danny Welbeck,Arsenal,Centre-Forward,20.0,2014/2015,Arrival
Mathieu Debuchy,Arsenal,Right-Back,15.0,2014/2015,Arrival
Gabriel Paulista,Arsenal,Centre-Back,15.0,2014/2015,Arrival
David Ospina,Arsenal,Goalkeeper,4.0,2014/2015,Arrival
Krystian Bielik,Arsenal,Defensive Midfield,2.25,2014/2015,Arrival
Thomas Vermaelen,Arsenal,Centre-Back,19.0,2014/2015,Departure
Johan Djourou,Arsenal,Centre-Back,2.8,2014/2015,Departure
Ignasi Miquel,Arsenal,Centre-Back,1.9,2014/2015,Departure
Thomas Eisfeld,Arsenal,Central Midfield,1.5,2014/2015,Departure
Joel Campbell,Arsenal,Right Winger,1.0,2014/2015,Departure
Kristoffer Olsson,Arsenal,Central Midfield,1.0,2014/2015,Departure
Lukas Podolski,Arsenal,Attacking Midfield,0.6,2014/2015,Departure
Petr Cech,Arsenal,Goalkeeper,14.0,2015/2016,Arrival
Mohamed Elneny,Arsenal,Defensive Midfield,12.5,2015/2016,Arrival
Lukas Podolski,Arsenal,Attacking Midfield,2.5,2015/2016,Departure
Granit Xhaka,Arsenal,Defensive Midfield,45.0,2016/2017,Arrival
Shkodran Mustafi,Arsenal,Centre-Back,41.0,2016/2017,Arrival
Lucas Pérez,Arsenal,Centre-Forward,20.0,2016/2017,Arrival
Takuma Asano,Arsenal,Right Winger,4.0,2016/2017,Arrival
Rob Holding,Arsenal,Centre-Back,3.0,2016/2017,Arrival
Serge Gnabry,Arsenal,Right Winger,5.0,2016/2017,Departure
Wellington Silva,Arsenal,Right Winger,3.0,2016/2017,Departure
Jack Wilshere,Arsenal,Central Midfield,2.35,2016/2017,Departure
Pierre-Emerick Aubameyang,Arsenal,Centre-Forward,63.75,2017/2018,Arrival
Alexandre Lacazette,Arsenal,Centre-Forward,53.0,2017/2018,Arrival
Henrikh Mkhitaryan,Arsenal,Central Midfield,34.0,2017/2018,Arrival
Konstantinos Mavropanos,Arsenal,Centre-Back,2.1,2017/2018,Arrival
Alex Oxlade-Chamberlain,Arsenal,Central Midfield,38.0,2017/2018,Departure
Alexis Sánchez,Arsenal,Centre-Forward,34.0,2017/2018,Departure
Theo Walcott,Arsenal,Right Winger,22.5,2017/2018,Departure
Wojciech Szczęsny,Arsenal,Goalkeeper,18.4,2017/2018,Departure
Olivier Giroud,Arsenal,Centre-Forward,17.0,2017/2018,Departure
Francis Coquelin,Arsenal,Defensive Midfield,14.0,2017/2018,Departure
Gabriel Paulista,Arsenal,Centre-Back,11.0,2017/2018,Departure
Kieran Gibbs,Arsenal,Left-Back,7.5,2017/2018,Departure
Lucas Torreira,Arsenal,Defensive Midfield,28.65,2018/2019,Arrival
Bernd Leno,Arsenal,Goalkeeper,25.0,2018/2019,Arrival
Sokratis Papastathopoulos,Arsenal,Centre-Back,16.0,2018/2019,Arrival
Mattéo Guendouzi,Arsenal,Central Midfield,8.0,2018/2019,Arrival
Denis Suárez,Arsenal,Attacking Midfield,2.5,2018/2019,Arrival
Lucas Pérez,Arsenal,Centre-Forward,4.4,2018/2019,Departure
Chuba Akpom,Arsenal,Centre-Forward,2.2,2018/2019,Departure
Joel Campbell,Arsenal,Right Winger,1.5,2018/2019,Departure
Takuma Asano,Arsenal,Right Winger,1.0,2018/2019,Departure
Jermain Defoe,Tottenham Hotspur,Centre-Forward,10.5,2003/2004,Arrival
Hélder Postiga,Tottenham Hotspur,Centre-Forward,9.0,2003/2004,Arrival
Frédéric Kanouté,Tottenham Hotspur,Centre-Forward,5.25,2003/2004,Arrival
Mbulelo Mabizela,Tottenham Hotspur,Centre-Back,2.3,2003/2004,Arrival
Bobby Zamora,Tottenham Hotspur,Centre-Forward,2.0,2003/2004,Arrival
Michael Brown,Tottenham Hotspur,Central Midfield,0.7,2003/2004,Arrival
Jonathan Blondel,Tottenham Hotspur,Defensive Midfield,1.2,2003/2004,Departure
Ben Thatcher,Tottenham Hotspur,Left-Back,0.45,2003/2004,Departure
Chris Perry,Tottenham Hotspur,Centre-Back,0.1,2003/2004,Departure
Andy Reid,Tottenham Hotspur,Left Midfield,8.0,2004/2005,Arrival
Michael Dawson,Tottenham Hotspur,Centre-Back,7.0,2004/2005,Arrival
Sean Davis,Tottenham Hotspur,Defensive Midfield,5.2,2004/2005,Arrival
Thimothée Atouba,Tottenham Hotspur,Left-Back,4.5,2004/2005,Arrival
Michael Carrick,Tottenham Hotspur,Defensive Midfield,4.1,2004/2005,Arrival
Paul Robinson,Tottenham Hotspur,Goalkeeper,3.0,2004/2005,Arrival
Pedro Mendes,Tottenham Hotspur,Central Midfield,3.0,2004/2005,Arrival
Noé Pamarot,Tottenham Hotspur,Centre-Back,2.4,2004/2005,Arrival
Mido,Tottenham Hotspur,Centre-Forward,2.0,2004/2005,Arrival
Erik Edman,Tottenham Hotspur,Left-Back,2.0,2004/2005,Arrival
Calum Davenport,Tottenham Hotspur,Defender,1.8,2004/2005,Arrival
Noureddine Naybet,Tottenham Hotspur,Centre-Back,1.0,2004/2005,Arrival
Reto Ziegler,Tottenham Hotspur,Centre-Back,1.0,2004/2005,Arrival
Mounir El Hamdaoui,Tottenham Hotspur,Centre-Forward,0.75,2004/2005,Arrival
Márton Fülöp,Tottenham Hotspur,Goalkeeper,0.75,2004/2005,Arrival
Radek Cerny,Tottenham Hotspur,Goalkeeper,0.4,2004/2005,Arrival
Leigh Mills,Tottenham Hotspur,Centre-Back,0.225,2004/2005,Arrival
Hélder Postiga,Tottenham Hotspur,Centre-Forward,7.5,2004/2005,Departure
Stephen Carr,Tottenham Hotspur,Right-Back,3.0,2004/2005,Departure
Jermaine Jenas,Tottenham Hotspur,Central Midfield,15.0,2005/2006,Arrival
Tom Huddlestone,Tottenham Hotspur,Defensive Midfield,4.7,2005/2006,Arrival
Grzegorz Rasiak,Tottenham Hotspur,Centre-Forward,3.5,2005/2006,Arrival
Danny Murphy,Tottenham Hotspur,Central Midfield,3.21,2005/2006,Arrival
Hossam Ghaly,Tottenham Hotspur,Central Midfield,3.0,2005/2006,Arrival
Wayne Routledge,Tottenham Hotspur,Left Winger,3.0,2005/2006,Arrival
Young-pyo Lee,Tottenham Hotspur,Left-Back,2.0,2005/2006,Arrival
Aaron Lennon,Tottenham Hotspur,Right Winger,1.2,2005/2006,Arrival
Rodrigo Defendi,Tottenham Hotspur,Centre-Back,0.9,2005/2006,Arrival
Frédéric Kanouté,Tottenham Hotspur,Centre-Forward,6.5,2005/2006,Departure
Simon Davies,Tottenham Hotspur,Right Midfield,5.25,2005/2006,Departure
Grzegorz Rasiak,Tottenham Hotspur,Centre-Forward,3.0,2005/2006,Departure
Erik Edman,Tottenham Hotspur,Left-Back,3.0,2005/2006,Departure
Sean Davis,Tottenham Hotspur,Defensive Midfield,2.8,2005/2006,Departure
Thimothée Atouba,Tottenham Hotspur,Left-Back,2.5,2005/2006,Departure
Michael Brown,Tottenham Hotspur,Central Midfield,2.3,2005/2006,Departure
Reto Ziegler,Tottenham Hotspur,Centre-Back,0.1,2005/2006,Departure
Dimitar Berbatov,Tottenham Hotspur,Centre-Forward,15.7,2006/2007,Arrival
Didier Zokora,Tottenham Hotspur,Defensive Midfield,12.35,2006/2007,Arrival
Pascal Chimbonda,Tottenham Hotspur,Right-Back,10.0,2006/2007,Arrival
Mido,Tottenham Hotspur,Centre-Forward,6.75,2006/2007,Arrival
Ricardo Rocha,Tottenham Hotspur,Centre-Back,5.0,2006/2007,Arrival
Benoît Assou-Ekotto,Tottenham Hotspur,Left-Back,5.0,2006/2007,Arrival
Steed Malbranque,Tottenham Hotspur,Central Midfield,3.0,2006/2007,Arrival
Ben Alnwick,Tottenham Hotspur,Goalkeeper,1.5,2006/2007,Arrival
Dorian Dervite,Tottenham Hotspur,Centre-Back,1.5,2006/2007,Arrival
Radek Cerny,Tottenham Hotspur,Goalkeeper,0.2,2006/2007,Arrival
Michael Carrick,Tottenham Hotspur,Defensive Midfield,27.2,2006/2007,Departure
Andy Reid,Tottenham Hotspur,Left Midfield,4.2,2006/2007,Departure
Calum Davenport,Tottenham Hotspur,Defender,4.2,2006/2007,Departure
Stephen Kelly,Tottenham Hotspur,Right-Back,1.6,2006/2007,Departure
Márton Fülöp,Tottenham Hotspur,Goalkeeper,0.75,2006/2007,Departure
Rodrigo Defendi,Tottenham Hotspur,Centre-Back,0.375,2006/2007,Departure
Dean Marney,Tottenham Hotspur,Central Midfield,0.325,2006/2007,Departure
Darren Bent,Tottenham Hotspur,Centre-Forward,24.75,2007/2008,Arrival
Gareth Bale,Tottenham Hotspur,Right Winger,14.7,2007/2008,Arrival
Alan Hutton,Tottenham Hotspur,Right-Back,13.0,2007/2008,Arrival
Younès Kaboul,Tottenham Hotspur,Centre-Back,12.0,2007/2008,Arrival
Jonathan Woodgate,Tottenham Hotspur,Centre-Back,10.8,2007/2008,Arrival
Kevin-Prince Boateng,Tottenham Hotspur,Attacking Midfield,7.9,2007/2008,Arrival
Adel Taarabt,Tottenham Hotspur,Central Midfield,4.0,2007/2008,Arrival
Chris Gunter,Tottenham Hotspur,Right-Back,3.2,2007/2008,Arrival
Gilberto,Tottenham Hotspur,Left-Back,2.8,2007/2008,Arrival
Danny Rose,Tottenham Hotspur,Left-Back,1.0,2007/2008,Arrival
Jermain Defoe,Tottenham Hotspur,Centre-Forward,9.3,2007/2008,Departure
Mido,Tottenham Hotspur,Centre-Forward,8.8,2007/2008,Departure
Reto Ziegler,Tottenham Hotspur,Centre-Back,2.0,2007/2008,Departure
Wayne Routledge,Tottenham Hotspur,Left Winger,1.7,2007/2008,Departure
Philip Ifil,Tottenham Hotspur,Right-Back,0.475,2007/2008,Departure
Mark Yeates,Tottenham Hotspur,Left Winger,0.275,2007/2008,Departure
Luka Modric,Tottenham Hotspur,Central Midfield,22.5,2008/2009,Arrival
David Bentley,Tottenham Hotspur,Right Midfield,22.0,2008/2009,Arrival
Roman Pavlyuchenko,Tottenham Hotspur,Centre-Forward,17.4,2008/2009,Arrival
Robbie Keane,Tottenham Hotspur,Centre-Forward,16.7,2008/2009,Arrival
Jermain Defoe,Tottenham Hotspur,Centre-Forward,16.4,2008/2009,Arrival
Wilson Palacios,Tottenham Hotspur,Defensive Midfield,15.0,2008/2009,Arrival
Vedran Corluka,Tottenham Hotspur,Centre-Back,13.75,2008/2009,Arrival
Heurelho Gomes,Tottenham Hotspur,Goalkeeper,9.0,2008/2009,Arrival
Giovani dos Santos,Tottenham Hotspur,Second Striker,6.0,2008/2009,Arrival
Pascal Chimbonda,Tottenham Hotspur,Right-Back,3.2,2008/2009,Arrival
John Bostock,Tottenham Hotspur,Central Midfield,2.0,2008/2009,Arrival
Dimitar Berbatov,Tottenham Hotspur,Centre-Forward,38.0,2008/2009,Departure
Robbie Keane,Tottenham Hotspur,Centre-Forward,24.0,2008/2009,Departure
Younès Kaboul,Tottenham Hotspur,Centre-Back,6.25,2008/2009,Departure
Steed Malbranque,Tottenham Hotspur,Central Midfield,5.0,2008/2009,Departure
Paul Robinson,Tottenham Hotspur,Goalkeeper,4.4,2008/2009,Departure
Pascal Chimbonda,Tottenham Hotspur,Right-Back,3.2,2008/2009,Departure
Anthony Gardner,Tottenham Hotspur,Centre-Back,3.2,2008/2009,Departure
Teemu Tainio,Tottenham Hotspur,Defensive Midfield,3.0,2008/2009,Departure
Young-pyo Lee,Tottenham Hotspur,Left-Back,0.5,2008/2009,Departure
Tommy Forecast,Tottenham Hotspur,Goalkeeper,0.4,2008/2009,Departure
Kevin-Prince Boateng,Tottenham Hotspur,Attacking Midfield,0.1,2008/2009,Departure
Peter Crouch,Tottenham Hotspur,Centre-Forward,10.5,2009/2010,Arrival
Sébastien Bassong,Tottenham Hotspur,Centre-Back,9.3,2009/2010,Arrival
Younès Kaboul,Tottenham Hotspur,Centre-Back,5.9,2009/2010,Arrival
Kyle Naughton,Tottenham Hotspur,Right-Back,5.9,2009/2010,Arrival
Kyle Walker,Tottenham Hotspur,Right-Back,5.9,2009/2010,Arrival
Niko Kranjcar,Tottenham Hotspur,Attacking Midfield,2.8,2009/2010,Arrival
Darren Bent,Tottenham Hotspur,Centre-Forward,11.8,2009/2010,Departure
Didier Zokora,Tottenham Hotspur,Defensive Midfield,9.0,2009/2010,Departure
Kevin-Prince Boateng,Tottenham Hotspur,Attacking Midfield,4.5,2009/2010,Departure
Chris Gunter,Tottenham Hotspur,Right-Back,2.0,2009/2010,Departure
Pascal Chimbonda,Tottenham Hotspur,Right-Back,1.7,2009/2010,Departure
Robbie Keane,Tottenham Hotspur,Centre-Forward,1.2,2009/2010,Departure
Tomas Pekhart,Tottenham Hotspur,Centre-Forward,0.8,2009/2010,Departure
Giovani dos Santos,Tottenham Hotspur,Second Striker,0.7,2009/2010,Departure
Rafael van der Vaart,Tottenham Hotspur,Attacking Midfield,10.5,2010/2011,Arrival
Sandro,Tottenham Hotspur,Defensive Midfield,10.0,2010/2011,Arrival
Steven Pienaar,Tottenham Hotspur,Left Midfield,3.6,2010/2011,Arrival
Bongani Khumalo,Tottenham Hotspur,Centre-Back,1.8,2010/2011,Arrival
Stipe Pletikosa,Tottenham Hotspur,Goalkeeper,0.7,2010/2011,Arrival
Robbie Keane,Tottenham Hotspur,Centre-Forward,1.2,2010/2011,Departure
Adel Taarabt,Tottenham Hotspur,Central Midfield,1.2,2010/2011,Departure
Giovani dos Santos,Tottenham Hotspur,Second Striker,0.3,2010/2011,Departure
Kyle Walker,Tottenham Hotspur,Right-Back,0.235,2010/2011,Departure
Scott Parker,Tottenham Hotspur,Central Midfield,5.75,2011/2012,Arrival
Emmanuel Adebayor,Tottenham Hotspur,Centre-Forward,2.25,2011/2012,Arrival
Iago Falque,Tottenham Hotspur,Right Winger,1.0,2011/2012,Arrival
Peter Crouch,Tottenham Hotspur,Centre-Forward,11.3,2011/2012,Departure
Wilson Palacios,Tottenham Hotspur,Defensive Midfield,9.0,2011/2012,Departure
Roman Pavlyuchenko,Tottenham Hotspur,Centre-Forward,9.0,2011/2012,Departure
Alan Hutton,Tottenham Hotspur,Right-Back,4.5,2011/2012,Departure
Robbie Keane,Tottenham Hotspur,Centre-Forward,3.75,2011/2012,Departure
Jamie O'Hara,Tottenham Hotspur,Central Midfield,3.75,2011/2012,Departure
Jermaine Jenas,Tottenham Hotspur,Central Midfield,1.0,2011/2012,Departure
Vedran Corluka,Tottenham Hotspur,Centre-Back,0.55,2011/2012,Departure
Paul-José Mpoku,Tottenham Hotspur,Attacking Midfield,0.4,2011/2012,Departure
Mousa Dembélé,Tottenham Hotspur,Central Midfield,19.0,2012/2013,Arrival
Hugo Lloris,Tottenham Hotspur,Goalkeeper,12.6,2012/2013,Arrival
Jan Vertonghen,Tottenham Hotspur,Centre-Back,12.5,2012/2013,Arrival
Gylfi Sigurdsson,Tottenham Hotspur,Attacking Midfield,10.0,2012/2013,Arrival
Clint Dempsey,Tottenham Hotspur,Second Striker,7.5,2012/2013,Arrival
Emmanuel Adebayor,Tottenham Hotspur,Centre-Forward,6.4,2012/2013,Arrival
Zeki Fryers,Tottenham Hotspur,Left-Back,3.5,2012/2013,Arrival
Lewis Holtby,Tottenham Hotspur,Central Midfield,1.75,2012/2013,Arrival
Luka Modric,Tottenham Hotspur,Central Midfield,35.0,2012/2013,Departure
Rafael van der Vaart,Tottenham Hotspur,Attacking Midfield,13.0,2012/2013,Departure
Niko Kranjcar,Tottenham Hotspur,Attacking Midfield,7.0,2012/2013,Departure
Vedran Corluka,Tottenham Hotspur,Centre-Back,7.0,2012/2013,Departure
Steven Pienaar,Tottenham Hotspur,Left Midfield,5.75,2012/2013,Departure
Sébastien Bassong,Tottenham Hotspur,Centre-Back,3.0,2012/2013,Departure
Giovani dos Santos,Tottenham Hotspur,Second Striker,1.0,2012/2013,Departure
David Button,Tottenham Hotspur,Goalkeeper,0.63,2012/2013,Departure
Heurelho Gomes,Tottenham Hotspur,Goalkeeper,0.4,2012/2013,Departure
Roberto Soldado,Tottenham Hotspur,Centre-Forward,30.0,2013/2014,Arrival
Erik Lamela,Tottenham Hotspur,Right Winger,30.0,2013/2014,Arrival
Paulinho,Tottenham Hotspur,Central Midfield,19.75,2013/2014,Arrival
Christian Eriksen,Tottenham Hotspur,Central Midfield,14.15,2013/2014,Arrival
Étienne Capoue,Tottenham Hotspur,Defensive Midfield,11.0,2013/2014,Arrival
Vlad Chiricheș,Tottenham Hotspur,Centre-Back,9.5,2013/2014,Arrival
Nacer Chadli,Tottenham Hotspur,Left Winger,8.15,2013/2014,Arrival
Gareth Bale,Tottenham Hotspur,Right Winger,101.0,2013/2014,Departure
Steven Caulker,Tottenham Hotspur,Centre-Back,9.15,2013/2014,Departure
Jermain Defoe,Tottenham Hotspur,Centre-Forward,9.09,2013/2014,Departure
Clint Dempsey,Tottenham Hotspur,Second Striker,8.18,2013/2014,Departure
Tom Huddlestone,Tottenham Hotspur,Defensive Midfield,5.8,2013/2014,Departure
Scott Parker,Tottenham Hotspur,Central Midfield,4.3,2013/2014,Departure
Simon Dawkins,Tottenham Hotspur,Left Winger,0.575,2013/2014,Departure
Jake Livermore,Tottenham Hotspur,Defensive Midfield,0.3,2013/2014,Departure
Ben Davies,Tottenham Hotspur,Left-Back,12.65,2014/2015,Arrival
Federico Fazio,Tottenham Hotspur,Centre-Back,10.0,2014/2015,Arrival
Dele Alli,Tottenham Hotspur,Attacking Midfield,6.63,2014/2015,Arrival
Benjamin Stambouli,Tottenham Hotspur,Defensive Midfield,5.9,2014/2015,Arrival
Michel Vorm,Tottenham Hotspur,Goalkeeper,5.7,2014/2015,Arrival
Eric Dier,Tottenham Hotspur,Centre-Back,5.0,2014/2015,Arrival
DeAndre Yedlin,Tottenham Hotspur,Right-Back,2.6,2014/2015,Arrival
Gylfi Sigurdsson,Tottenham Hotspur,Attacking Midfield,10.1,2014/2015,Departure
Sandro,Tottenham Hotspur,Defensive Midfield,7.5,2014/2015,Departure
Jake Livermore,Tottenham Hotspur,Defensive Midfield,7.0,2014/2015,Departure
Kyle Naughton,Tottenham Hotspur,Right-Back,6.6,2014/2015,Departure
Michael Dawson,Tottenham Hotspur,Centre-Back,4.4,2014/2015,Departure
Zeki Fryers,Tottenham Hotspur,Left-Back,3.8,2014/2015,Departure
Lewis Holtby,Tottenham Hotspur,Central Midfield,2.5,2014/2015,Departure
Iago Falque,Tottenham Hotspur,Right Winger,2.0,2014/2015,Departure
Jonathan Obika,Tottenham Hotspur,Centre-Forward,0.25,2014/2015,Departure
Heung-min Son,Tottenham Hotspur,Left Winger,30.0,2015/2016,Arrival
Toby Alderweireld,Tottenham Hotspur,Centre-Back,16.0,2015/2016,Arrival
Clinton N'Jie,Tottenham Hotspur,Right Winger,14.1,2015/2016,Arrival
Kevin Wimmer,Tottenham Hotspur,Centre-Back,6.0,2015/2016,Arrival
Kieran Trippier,Tottenham Hotspur,Right-Back,4.9,2015/2016,Arrival
Roberto Soldado,Tottenham Hotspur,Centre-Forward,16.0,2015/2016,Departure
Andros Townsend,Tottenham Hotspur,Right Winger,15.7,2015/2016,Departure
Paulinho,Tottenham Hotspur,Central Midfield,14.0,2015/2016,Departure
Étienne Capoue,Tottenham Hotspur,Defensive Midfield,8.9,2015/2016,Departure
Benjamin Stambouli,Tottenham Hotspur,Defensive Midfield,8.6,2015/2016,Departure
Vlad Chiricheș,Tottenham Hotspur,Centre-Back,7.0,2015/2016,Departure
Lewis Holtby,Tottenham Hotspur,Central Midfield,6.5,2015/2016,Departure
Aaron Lennon,Tottenham Hotspur,Right Winger,6.0,2015/2016,Departure
Younès Kaboul,Tottenham Hotspur,Centre-Back,4.3,2015/2016,Departure
Ryan Fredericks,Tottenham Hotspur,Right-Back,0.25,2015/2016,Departure
Moussa Sissoko,Tottenham Hotspur,Central Midfield,35.0,2016/2017,Arrival
Vincent Janssen,Tottenham Hotspur,Centre-Forward,22.0,2016/2017,Arrival
Victor Wanyama,Tottenham Hotspur,Defensive Midfield,14.4,2016/2017,Arrival
Georges-Kevin N'Koudou,Tottenham Hotspur,Left Winger,11.0,2016/2017,Arrival
Pau López,Tottenham Hotspur,Goalkeeper,1.1,2016/2017,Arrival
Ryan Mason,Tottenham Hotspur,Central Midfield,15.4,2016/2017,Departure
Nacer Chadli,Tottenham Hotspur,Left Winger,15.2,2016/2017,Departure
Alex Pritchard,Tottenham Hotspur,Attacking Midfield,9.4,2016/2017,Departure
DeAndre Yedlin,Tottenham Hotspur,Right-Back,5.9,2016/2017,Departure
Tom Carroll,Tottenham Hotspur,Central Midfield,5.2,2016/2017,Departure
Federico Fazio,Tottenham Hotspur,Centre-Back,1.2,2016/2017,Departure
Davinson Sánchez,Tottenham Hotspur,Centre-Back,42.0,2017/2018,Arrival
Lucas Moura,Tottenham Hotspur,Right Winger,28.4,2017/2018,Arrival
Serge Aurier,Tottenham Hotspur,Right-Back,25.0,2017/2018,Arrival
Fernando Llorente,Tottenham Hotspur,Centre-Forward,15.1,2017/2018,Arrival
Juan Foyth,Tottenham Hotspur,Right-Back,10.5,2017/2018,Arrival
Kyle Walker,Tottenham Hotspur,Right-Back,52.7,2017/2018,Departure
Kevin Wimmer,Tottenham Hotspur,Centre-Back,19.4,2017/2018,Departure
Nabil Bentaleb,Tottenham Hotspur,Defensive Midfield,19.0,2017/2018,Departure
Clinton N'Jie,Tottenham Hotspur,Right Winger,7.0,2017/2018,Departure
Federico Fazio,Tottenham Hotspur,Centre-Back,3.2,2017/2018,Departure
Vincent Janssen,Tottenham Hotspur,Centre-Forward,2.5,2017/2018,Departure
Mousa Dembélé,Tottenham Hotspur,Central Midfield,5.35,2018/2019,Departure
Trevor Sinclair,Manchester City,Left Winger,3.75,2003/2004,Arrival
Claudio Reyna,Manchester City,Central Midfield,3.75,2003/2004,Arrival
David James,Manchester City,Goalkeeper,2.8,2003/2004,Arrival
Paul Bosvelt,Manchester City,Defensive Midfield,1.5,2003/2004,Arrival
Antoine Sibierski,Manchester City,Attacking Midfield,1.1,2003/2004,Arrival
Daniel Van Buyten,Manchester City,Centre-Back,1.0,2003/2004,Arrival
Mark Redshaw,Manchester City,Second Striker,0.36,2003/2004,Arrival
Matías Vuoso,Manchester City,Centre-Forward,1.5,2003/2004,Departure
Niclas Jensen,Manchester City,Left-Back,1.25,2003/2004,Departure
Darren Huckerby,Manchester City,Right Winger,1.25,2003/2004,Departure
Eyal Berkovic,Manchester City,Attacking Midfield,0.75,2003/2004,Departure
Lucién Mettomo,Manchester City,Centre-Back,0.723,2003/2004,Departure
Shaun Goater,Manchester City,Centre-Forward,0.7,2003/2004,Departure
Kevin Horlock,Manchester City,Defensive Midfield,0.45,2003/2004,Departure
Ben Thatcher,Manchester City,Left-Back,1.5,2004/2005,Arrival
Nicolas Anelka,Manchester City,Centre-Forward,7.19,2004/2005,Departure
Paulo Wanchope,Manchester City,Centre-Forward,0.75,2004/2005,Departure
Georgios Samaras,Manchester City,Left Winger,8.5,2005/2006,Arrival
Darius Vassell,Manchester City,Centre-Forward,3.6,2005/2006,Arrival
Matt Mills,Manchester City,Centre-Back,0.375,2005/2006,Arrival
Shaun Wright-Phillips,Manchester City,Right Winger,31.5,2005/2006,Departure
Jon Macken,Manchester City,Centre-Forward,1.0,2005/2006,Departure
Andreas Isaksson,Manchester City,Goalkeeper,3.0,2006/2007,Arrival
Bernardo Corradi,Manchester City,Centre-Forward,2.0,2006/2007,Arrival
Joe Hart,Manchester City,Goalkeeper,0.9,2006/2007,Arrival
Dietmar Hamann,Manchester City,Defensive Midfield,0.6,2006/2007,Arrival
David James,Manchester City,Goalkeeper,1.7,2006/2007,Departure
Lee Croft,Manchester City,Right Midfield,0.9,2006/2007,Departure
Andy Cole,Manchester City,Centre-Forward,0.75,2006/2007,Departure
Ben Thatcher,Manchester City,Left-Back,0.75,2006/2007,Departure
Bradley Wright-Phillips,Manchester City,Centre-Forward,0.1,2006/2007,Departure
Rolando Bianchi,Manchester City,Centre-Forward,13.0,2007/2008,Arrival
Vedran Corluka,Manchester City,Centre-Back,13.0,2007/2008,Arrival
Elano,Manchester City,Attacking Midfield,12.0,2007/2008,Arrival
Valeri Bozhinov,Manchester City,Centre-Forward,8.0,2007/2008,Arrival
Martin Petrov,Manchester City,Left Winger,7.0,2007/2008,Arrival
Felipe Caicedo,Manchester City,Centre-Forward,7.0,2007/2008,Arrival
Gelson Fernandes,Manchester City,Defensive Midfield,5.5,2007/2008,Arrival
Benjani,Manchester City,Centre-Forward,5.2,2007/2008,Arrival
Nery Castillo,Manchester City,Right Winger,5.0,2007/2008,Arrival
Javier Garrido,Manchester City,Left-Back,2.25,2007/2008,Arrival
Joey Barton,Manchester City,Central Midfield,8.6,2007/2008,Departure
Ishmael Miller,Manchester City,Centre-Forward,1.5,2007/2008,Departure
Ousmane Dabo,Manchester City,Defensive Midfield,0.263,2007/2008,Departure
Bernardo Corradi,Manchester City,Centre-Forward,0.2,2007/2008,Departure
Robinho,Manchester City,Left Winger,43.0,2008/2009,Arrival
Jô,Manchester City,Centre-Forward,24.0,2008/2009,Arrival
Nigel de Jong,Manchester City,Defensive Midfield,18.0,2008/2009,Arrival
Craig Bellamy,Manchester City,Left Winger,15.5,2008/2009,Arrival
Wayne Bridge,Manchester City,Left-Back,13.0,2008/2009,Arrival
Shaun Wright-Phillips,Manchester City,Right Winger,11.25,2008/2009,Arrival
Shay Given,Manchester City,Goalkeeper,9.0,2008/2009,Arrival
Pablo Zabaleta,Manchester City,Right-Back,8.7,2008/2009,Arrival
Vincent Kompany,Manchester City,Centre-Back,8.5,2008/2009,Arrival
Tal Ben Haim,Manchester City,Centre-Back,6.4,2008/2009,Arrival
Vedran Corluka,Manchester City,Centre-Back,13.75,2008/2009,Departure
Rolando Bianchi,Manchester City,Centre-Forward,7.0,2008/2009,Departure
Andreas Isaksson,Manchester City,Goalkeeper,2.8,2008/2009,Departure
Georgios Samaras,Manchester City,Left Winger,2.5,2008/2009,Departure
Matt Mills,Manchester City,Centre-Back,0.45,2008/2009,Departure
Carlos Tevez,Manchester City,Second Striker,29.0,2009/2010,Arrival
Emmanuel Adebayor,Manchester City,Centre-Forward,29.0,2009/2010,Arrival
Joleon Lescott,Manchester City,Centre-Back,27.5,2009/2010,Arrival
Roque Santa Cruz,Manchester City,Centre-Forward,21.2,2009/2010,Arrival
Kolo Touré,Manchester City,Centre-Back,18.7,2009/2010,Arrival
Gareth Barry,Manchester City,Defensive Midfield,13.9,2009/2010,Arrival
Adam Johnson,Manchester City,Right Winger,8.0,2009/2010,Arrival
Daniel Sturridge,Manchester City,Centre-Forward,7.25,2009/2010,Departure
Elano,Manchester City,Attacking Midfield,7.0,2009/2010,Departure
Richard Dunne,Manchester City,Centre-Back,6.8,2009/2010,Departure
Gelson Fernandes,Manchester City,Defensive Midfield,3.5,2009/2010,Departure
Ched Evans,Manchester City,Centre-Forward,3.5,2009/2010,Departure
Joe Hart,Manchester City,Goalkeeper,1.15,2009/2010,Departure
Edin Dzeko,Manchester City,Centre-Forward,37.0,2010/2011,Arrival
Yaya Touré,Manchester City,Central Midfield,30.0,2010/2011,Arrival
Mario Balotelli,Manchester City,Centre-Forward,29.5,2010/2011,Arrival
David Silva,Manchester City,Attacking Midfield,28.75,2010/2011,Arrival
Aleksandar Kolarov,Manchester City,Left-Back,23.86,2010/2011,Arrival
James Milner,Manchester City,Central Midfield,22.0,2010/2011,Arrival
Jérôme Boateng,Manchester City,Centre-Back,12.5,2010/2011,Arrival
Robinho,Manchester City,Left Winger,21.0,2010/2011,Departure
Stephen Ireland,Manchester City,Attacking Midfield,9.7,2010/2011,Departure
Emmanuel Adebayor,Manchester City,Centre-Forward,4.0,2010/2011,Departure
Javier Garrido,Manchester City,Left-Back,2.5,2010/2011,Departure
Valeri Bozhinov,Manchester City,Centre-Forward,2.0,2010/2011,Departure
Vladimír Weiss,Manchester City,Left Winger,0.6,2010/2011,Departure
Wayne Bridge,Manchester City,Left-Back,0.35,2010/2011,Departure
Sergio Agüero,Manchester City,Centre-Forward,40.0,2011/2012,Arrival
Samir Nasri,Manchester City,Attacking Midfield,27.5,2011/2012,Arrival
Stefan Savic,Manchester City,Centre-Back,12.0,2011/2012,Arrival
Gaël Clichy,Manchester City,Left-Back,7.75,2011/2012,Arrival
Costel Pantilimon,Manchester City,Goalkeeper,3.3,2011/2012,Arrival
Costel Pantilimon,Manchester City,Goalkeeper,0.5,2011/2012,Arrival
Jérôme Boateng,Manchester City,Centre-Back,13.5,2011/2012,Departure
Nedum Onuoha,Manchester City,Centre-Back,4.7,2011/2012,Departure
Shaun Wright-Phillips,Manchester City,Right Winger,4.5,2011/2012,Departure
Shay Given,Manchester City,Goalkeeper,3.75,2011/2012,Departure
Emmanuel Adebayor,Manchester City,Centre-Forward,2.25,2011/2012,Departure
Roque Santa Cruz,Manchester City,Centre-Forward,1.5,2011/2012,Departure
Felipe Caicedo,Manchester City,Centre-Forward,1.0,2011/2012,Departure
Javi García,Manchester City,Defensive Midfield,20.2,2012/2013,Arrival
Matija Nastasic,Manchester City,Centre-Back,15.2,2012/2013,Arrival
Jack Rodwell,Manchester City,Centre-Back,15.0,2012/2013,Arrival
Scott Sinclair,Manchester City,Left Winger,7.8,2012/2013,Arrival
Maicon,Manchester City,Right-Back,3.75,2012/2013,Arrival
Mario Balotelli,Manchester City,Centre-Forward,20.0,2012/2013,Departure
Adam Johnson,Manchester City,Right Winger,12.6,2012/2013,Departure
Emmanuel Adebayor,Manchester City,Centre-Forward,6.4,2012/2013,Departure
Nigel de Jong,Manchester City,Defensive Midfield,3.5,2012/2013,Departure
Vladimír Weiss,Manchester City,Left Winger,1.8,2012/2013,Departure
Fernandinho,Manchester City,Defensive Midfield,40.0,2013/2014,Arrival
Stevan Jovetic,Manchester City,Centre-Forward,26.0,2013/2014,Arrival
Álvaro Negredo,Manchester City,Centre-Forward,25.0,2013/2014,Arrival
Jesús Navas,Manchester City,Right-Back,20.0,2013/2014,Arrival
Martín Demichelis,Manchester City,Centre-Back,4.5,2013/2014,Arrival
Carlos Tevez,Manchester City,Second Striker,9.0,2013/2014,Departure
Scott Sinclair,Manchester City,Left Winger,2.3,2013/2014,Departure
Eliaquim Mangala,Manchester City,Centre-Back,45.0,2014/2015,Arrival
Wilfried Bony,Manchester City,Centre-Forward,32.3,2014/2015,Arrival
Fernando,Manchester City,Defensive Midfield,15.0,2014/2015,Arrival
Willy Caballero,Manchester City,Goalkeeper,8.0,2014/2015,Arrival
Bruno Zuculini,Manchester City,Defensive Midfield,2.5,2014/2015,Arrival
Javi García,Manchester City,Defensive Midfield,16.8,2014/2015,Departure
Jack Rodwell,Manchester City,Centre-Back,12.5,2014/2015,Departure
Micah Richards,Manchester City,Right-Back,1.0,2014/2015,Departure
Kevin De Bruyne,Manchester City,Attacking Midfield,76.0,2015/2016,Arrival
Raheem Sterling,Manchester City,Left Winger,63.7,2015/2016,Arrival
Nicolás Otamendi,Manchester City,Centre-Back,44.5,2015/2016,Arrival
Fabian Delph,Manchester City,Central Midfield,11.5,2015/2016,Arrival
Patrick Roberts,Manchester City,Right Winger,7.2,2015/2016,Arrival
Enes Ünal,Manchester City,Centre-Forward,4.4,2015/2016,Arrival
Rubén Sobrino,Manchester City,Centre-Forward,0.55,2015/2016,Arrival
Anthony Cáceres,Manchester City,Attacking Midfield,0.32,2015/2016,Arrival
Florian Lejeune,Manchester City,Centre-Back,0.3,2015/2016,Arrival
Álvaro Negredo,Manchester City,Centre-Forward,28.0,2015/2016,Departure
Rony Lopes,Manchester City,Right Winger,12.0,2015/2016,Departure
Matija Nastasic,Manchester City,Centre-Back,9.5,2015/2016,Departure
Karim Rekik,Manchester City,Centre-Back,5.0,2015/2016,Departure
Edin Dzeko,Manchester City,Centre-Forward,4.0,2015/2016,Departure
Scott Sinclair,Manchester City,Left Winger,3.5,2015/2016,Departure
Stevan Jovetic,Manchester City,Centre-Forward,2.5,2015/2016,Departure
Dedryck Boyata,Manchester City,Centre-Back,2.0,2015/2016,Departure
José Pozo,Manchester City,Attacking Midfield,0.5,2015/2016,Departure
Jason Denayer,Manchester City,Centre-Back,0.436,2015/2016,Departure
John Stones,Manchester City,Centre-Back,55.6,2016/2017,Arrival
Leroy Sané,Manchester City,Right Winger,52.0,2016/2017,Arrival
Gabriel Jesus,Manchester City,Centre-Forward,32.0,2016/2017,Arrival
İlkay Gündoğan,Manchester City,Central Midfield,27.0,2016/2017,Arrival
Claudio Bravo,Manchester City,Goalkeeper,18.0,2016/2017,Arrival
Nolito,Manchester City,Left Winger,18.0,2016/2017,Arrival
Marlos Moreno,Manchester City,Left Winger,5.5,2016/2017,Arrival
Gerónimo Rulli,Manchester City,Goalkeeper,4.7,2016/2017,Arrival
Oleksandr Zinchenko,Manchester City,Left-Back,2.25,2016/2017,Arrival
Yangel Herrera,Manchester City,Central Midfield,1.0,2016/2017,Arrival
Pablo Marí,Manchester City,Centre-Back,0.2,2016/2017,Arrival
Stevan Jovetic,Manchester City,Centre-Forward,13.5,2016/2017,Departure
Edin Dzeko,Manchester City,Centre-Forward,11.0,2016/2017,Departure
Gerónimo Rulli,Manchester City,Goalkeeper,7.0,2016/2017,Departure
Wilfried Bony,Manchester City,Centre-Forward,2.35,2016/2017,Departure
Florian Lejeune,Manchester City,Centre-Back,1.5,2016/2017,Departure
Aymeric Laporte,Manchester City,Centre-Back,65.0,2017/2018,Arrival
Benjamin Mendy,Manchester City,Left-Back,57.5,2017/2018,Arrival
Kyle Walker,Manchester City,Right-Back,52.7,2017/2018,Arrival
Bernardo Silva,Manchester City,Attacking Midfield,50.0,2017/2018,Arrival
Ederson,Manchester City,Goalkeeper,40.0,2017/2018,Arrival
Danilo,Manchester City,Centre-Back,30.0,2017/2018,Arrival
Douglas Luiz,Manchester City,Central Midfield,12.0,2017/2018,Arrival
Jack Harrison,Manchester City,Right Winger,4.0,2017/2018,Arrival
Olarenwaju Kayode,Manchester City,Centre-Forward,3.8,2017/2018,Arrival
Luka Ilic,Manchester City,Attacking Midfield,2.5,2017/2018,Arrival
Kelechi Iheanacho,Manchester City,Centre-Forward,27.7,2017/2018,Departure
Enes Ünal,Manchester City,Centre-Forward,14.0,2017/2018,Departure
Wilfried Bony,Manchester City,Centre-Forward,13.0,2017/2018,Departure
Aaron Mooy,Manchester City,Central Midfield,9.1,2017/2018,Departure
Nolito,Manchester City,Left Winger,7.0,2017/2018,Departure
Fernando,Manchester City,Defensive Midfield,6.0,2017/2018,Departure
Aleksandar Kolarov,Manchester City,Left-Back,5.0,2017/2018,Departure
Samir Nasri,Manchester City,Attacking Midfield,3.5,2017/2018,Departure
Joe Hart,Manchester City,Goalkeeper,2.3,2017/2018,Departure
Rubén Sobrino,Manchester City,Centre-Forward,2.0,2017/2018,Departure
Bruno Zuculini,Manchester City,Defensive Midfield,1.25,2017/2018,Departure
Jason Denayer,Manchester City,Centre-Back,0.5,2017/2018,Departure
Riyad Mahrez,Manchester City,Right Winger,67.8,2018/2019,Arrival
Ante Palaversa,Manchester City,Central Midfield,6.3,2018/2019,Arrival
Philippe Sandler,Manchester City,Centre-Back,2.5,2018/2019,Arrival
Ko Itakura,Manchester City,Centre-Back,1.1,2018/2019,Arrival
Daniel Arzani,Manchester City,Right Winger,0.89,2018/2019,Arrival
Brahim Díaz,Manchester City,Attacking Midfield,17.0,2018/2019,Departure
Angus Gunn,Manchester City,Goalkeeper,11.3,2018/2019,Departure
Jason Denayer,Manchester City,Centre-Back,10.0,2018/2019,Departure
Pablo Maffeo,Manchester City,Right-Back,9.0,2018/2019,Departure
Joe Hart,Manchester City,Goalkeeper,3.9,2018/2019,Departure
Bersant Celina,Manchester City,Attacking Midfield,3.4,2018/2019,Departure
Olarenwaju Kayode,Manchester City,Centre-Forward,3.0,2018/2019,Departure
